r,H2O_B1-H2O_B1,H2O_B1-C12_B1,H2O_B1-C12_B2,H2O_B1-C12_B3,H2O_B1-C12_B4,H2O_B1-C4H_B1,H2O_B1-C4H_B2,C12_B1-C12_B1,C12_B1-C12_B2,C12_B1-C12_B3,C12_B1-C12_B4,C12_B1-C4H_B1,C12_B1-C4H_B2,C12_B2-C12_B2,C12_B2-C12_B3,C12_B2-C12_B4,C12_B2-C4H_B1,C12_B2-C4H_B2,C12_B3-C12_B3,C12_B3-C12_B4,C12_B3-C4H_B1,C12_B3-C4H_B2,C12_B4-C12_B4,C12_B4-C4H_B1,C12_B4-C4H_B2,C4H_B1-C4H_B1,C4H_B1-C4H_B2,C4H_B2-C4H_B2
0.05,0.0,0.0,0.0,0.0,0.0,0.0,0.0,0.0,0.0,0.0,0.0,0.0,0.0,0.0,0.0,0.0,0.0,0.0,0.0,0.0,0.0,0.0,0.0,0.0,0.0,0.0,0.0,0.0
0.15000000000000002,0.0,0.0,0.0,0.0,0.0,0.0,0.0,0.0,0.0,0.0,0.0,0.0,0.0,0.0,0.0,0.0,0.0,0.0,0.0,0.0,0.0,0.0,0.0,0.0,0.0,0.0,0.0,0.0
0.25,0.0,0.0,0.0,0.0,0.0,0.0,0.0,0.0,0.0,0.0,0.0,0.0,0.0,0.0,0.0,0.0,0.0,0.0,0.0,0.0,0.0,0.0,0.0,0.0,0.0,0.0,0.0,0.0
0.35000000000000003,0.0,0.0,0.0,0.0,0.0,0.0,0.0,0.0,0.0,0.0,0.0,0.0,0.0,0.0,0.0,0.0,0.0,0.0,0.0,0.0,0.0,0.0,0.0,0.0,0.0,0.0,0.0,0.0
0.45,0.0,0.0,0.0,0.0,0.0,0.0,0.0,0.0,0.0,0.0,0.0,0.0,0.0,0.0,0.0,0.0,0.0,0.0,0.0,0.0,0.0,0.0,0.0,0.0,0.0,0.0,0.0,0.0
0.55,0.0,0.0,0.0,0.0,0.0,0.0,0.0,0.0,0.0,0.0,0.0,0.0,0.0,0.0,0.0,0.0,0.0,0.0,0.0,0.0,0.0,0.0,0.0,0.0,0.0,0.0,0.0,0.0
0.6500000000000001,0.0,0.0,0.0,0.0,0.0,0.0,0.0,0.0,0.0,0.0,0.0,0.0,0.0,0.0,0.0,0.0,0.0,0.0,0.0,0.0,0.0,0.0,0.0,0.0,0.0,0.0,0.0,0.0
0.75,0.0,0.0,0.0,0.0,0.0,0.0,0.0,0.0,0.0,0.0,0.0,0.0,0.0,0.0,0.0,0.0,0.0,0.0,0.0,0.0,0.0,0.0,0.0,0.0,0.0,0.0,0.0,0.0
0.8500000000000001,0.0,0.0,0.0,0.0,0.0,0.0,0.0,0.0,0.0,0.0,0.0,0.0,0.0,0.0,0.0,0.0,0.0,0.0,0.0,0.0,0.0,0.0,0.0,0.0,0.0,0.0,0.0,0.0
0.95,0.0,0.0,0.0,0.0,0.0,0.0,0.0,0.0,0.0,0.0,0.0,0.0,0.0,0.0,0.0,0.0,0.0,0.0,0.0,0.0,0.0,0.0,0.0,0.0,0.0,0.0,0.0,0.0
1.05,0.0,0.0,0.0,0.0,0.0,0.0,0.0,0.0,0.0,0.0,0.0,0.0,0.0,0.0,0.0,0.0,0.0,0.0,0.0,0.0,0.0,0.0,0.0,0.0,0.0,0.0,0.0,0.0
1.1500000000000001,0.0,0.0,0.0,0.0,0.0,0.0,0.0,0.0,0.0,0.0,0.0,0.0,0.0,0.0,0.0,0.0,0.0,0.0,0.0,0.0,0.0,0.0,0.0,0.0,0.0,0.0,0.0,0.0
1.25,0.0,0.0,0.0,0.0,0.0,0.0,0.0,0.0,0.0,0.0,0.0,0.0,0.0,0.0,0.0,0.0,0.0,0.0,0.0,0.0,0.0,0.0,0.0,0.0,0.0,0.0,0.0,0.0
1.35,0.0,0.0,0.0,0.0,0.0,0.0,0.0,0.0,0.0,0.0,0.0,0.0,0.0,0.0,0.0,0.0,0.0,0.0,0.0,0.0,0.0,0.0,0.0,0.0,0.0,0.0,0.0,0.0
1.4500000000000002,0.0,0.0,0.0,0.0,0.0,0.0,0.0,0.0,0.0,0.0,0.0,0.0,0.0,0.0,0.0,0.0,0.0,0.0,0.0,0.0,0.0,0.0,0.0,0.0,0.0,0.0,0.0,0.0
1.55,0.0,0.0,0.0,0.0,0.0,0.0,0.0,0.0,0.0,0.0,0.0,0.0,0.0,0.0,0.0,0.0,0.0,0.0,0.0,0.0,0.0,0.0,0.0,0.0,0.0,0.0,0.0,0.0
1.6500000000000001,0.0,0.0,0.0,0.0,0.0,0.0,0.0,0.0,0.0,0.0,0.0,0.0,0.0,0.0,0.0,0.0,0.0,0.0,0.0,0.0,0.0,0.0,0.0,0.0,0.0,0.0,0.0,0.0
1.75,0.0,0.0,0.0,0.0,0.0,0.0,0.0,0.0,0.0,0.0,0.0,0.0,0.0,0.0,0.0,0.0,0.0,0.0,0.0,0.0,0.0,0.0,0.0,0.0,0.0,0.0,0.0,0.0
1.85,0.0,0.0,0.0,0.0,0.0,0.0,0.0,0.0,0.0,0.0,0.0,0.0,0.0,0.0,0.0,0.0,0.0,0.0,0.0,0.0,0.0,0.0,0.0,0.0,0.0,0.0,0.31463516057890867,0.0
1.9500000000000002,0.0,0.0,0.0,0.0,0.0,0.0,0.0,0.0,0.0,0.0,0.0,0.0,0.0,0.0,0.0,0.0,0.0,0.0,0.0,0.0,0.0,0.0,0.0,0.0,0.0,0.0,380.90295077568925,0.0
2.05,0.0,0.0,0.0,0.0,0.0,0.0,0.0,0.0,0.0,0.0,0.0,0.0,0.0,0.0,0.0,0.0,0.0,0.0,0.0,0.0,0.0,0.0,0.0,0.0,0.0,0.0,508.3985209123451,0.0
2.1500000000000004,0.0,0.0,0.0,0.0,0.0,0.0,0.0,0.0,0.0,0.0,0.0,0.0,0.0,0.0,0.0,0.0,0.0,0.0,0.0,0.0,0.0,0.0,0.0,0.0,0.0,0.0,0.7765688774682443,0.0
2.25,0.0,0.0,0.0,0.0,0.0,0.0,0.0,0.0,0.0,0.0,0.0,0.0,0.0,0.0,0.0,0.0,0.0,0.0,0.0,0.0,0.0,0.0,0.0,0.0,0.0,0.0,0.0,0.0
2.3500000000000005,0.00032664864244228564,0.0,0.0,0.0,0.0,0.0,0.0,0.0,0.0,0.0,0.0,0.0,0.0,0.0,0.0,0.0,0.0,0.0,0.0,0.0,0.0,0.0,0.0,0.0,0.0,0.0,0.0,0.0
2.45,0.07092537752600757,0.0,0.0,0.0,0.0,0.0,0.0,0.0,0.0,0.0,0.0,0.0,0.0,0.0,0.0,0.0,0.0,0.0,0.0,0.0,0.0,0.0,0.0,0.0,0.0,0.0,0.0,0.0
2.55,2.334256647684864,0.0,0.0,0.0,0.0,0.0,0.0,0.0,0.0,0.0,0.0,0.0,0.0,0.0,0.0,0.0,0.0,0.0,0.0,0.0,0.0,0.0,0.0,0.0,0.0,0.0,0.0,0.0
2.6500000000000004,11.256959779728701,0.0,0.0,0.0,0.0,0.005112012496670566,0.007668018745005848,0.0,0.0,0.003067207498002364,0.0,0.0,0.0,0.0,0.0,0.0005112012496670607,0.0,0.0,0.0,0.005623213746337667,0.0,0.0,0.0,0.0,0.0,0.0,0.0,0.0
2.75,18.421576210086958,0.0,0.0,0.0,0.0,0.04747029674078784,0.04034975222966967,0.0,0.0,0.024209851337801794,0.0,0.0,0.0,0.0,0.0,0.015190494957052107,0.0,0.0,0.0,0.0460461878385642,0.0,0.0,0.0,0.0,0.0,0.0,0.0,0.0
2.8500000000000005,17.00727923690789,0.0,0.0,0.0,0.0,0.16574184956634197,0.1502726102734834,0.0,0.0,0.06187695717143499,0.0,0.0,0.0,0.0,0.0,0.060993000640414484,0.0,0.0,0.0,0.07469432687123223,0.0,0.0,0.0,0.0,0.0,0.0,0.0,0.0
2.95,12.583028644956288,0.0,0.0004125243328412356,0.0006187864992618534,0.0006187864992618534,0.5589704709998883,0.4764656044316391,0.0,0.0,0.09653069388484913,0.0,0.0,0.0,0.0,0.0,0.08332991523392959,0.0,0.0,0.0,0.08704263422950072,0.0,0.0,0.0,0.0,0.0,0.0,0.0,0.0
3.05,9.094898398821117,0.0015436775822980466,0.0030873551645960932,0.001157758186723535,0.00231551637344707,1.099870277387351,1.1500397988120372,0.0,0.0,0.2384981864650482,0.0,0.0,0.0,0.0,0.0,0.24583065498096393,0.0,0.0,0.0,0.29908753157024653,0.0,0.0,0.0,0.0,0.0,0.0,0.0,0.0
3.1500000000000004,7.1603347581962815,0.006512535638183488,0.009406995921820593,0.006512535638183488,0.005065305496364935,1.6751688891549754,1.5630085531640374,0.0,0.0,0.5734649436956015,0.0,0.0,0.0,0.0,0.0,0.6338868021165261,0.0,0.0,0.0,0.5854045923656046,0.0,0.0,0.0,0.0,0.0,0.0,0.0,0.0
3.25,6.0887547118909575,0.015804732734854405,0.019713430077882912,0.016484506185815883,0.013595469019229594,1.6586472203460128,1.526091397408524,0.0,0.0,0.8609330756427142,0.0,0.0,0.0,0.0,0.0,1.0448117941277943,0.0,0.003398867254807403,0.0,0.7202199712936878,0.0,0.0,0.0,0.0,0.0,0.15106076688032846,0.0,0.0
3.3500000000000005,5.624923286972421,0.03182998300811503,0.03646852324547852,0.02959068772111196,0.030070536711184048,1.4155545207126832,1.3355796890340006,0.0,0.0,0.9776123424401962,0.0,0.0,0.0,0.0,0.0,1.1577156633805858,0.0031989932671473067,0.0031989932671473067,0.0,0.9507407989961595,0.0031989932671473067,0.0,0.0,0.0031989932671473067,0.0,0.0,0.0,0.0
3.45,5.33617667861911,0.06183301925929239,0.07450124759534253,0.05474484388078814,0.05203022352306311,1.1371243054026163,1.1431567950864499,0.0,0.0,2.6527873384657394,0.0,0.003016244841916754,0.006032489683833508,0.0,0.0,2.642230481519031,0.003016244841916754,0.003016244841916754,0.0,3.9129744334185372,0.006032489683833508,0.006032489683833508,0.0,0.0,0.009048734525750262,0.13405532630741468,0.060324896838336306,0.0
3.55,5.222033014128341,0.0827553160805564,0.10839379610551364,0.07121800006932565,0.08175826407958585,0.9429263209178851,0.9671404409414561,0.0,0.0,5.969492765810876,0.0,0.028487200027730666,0.011394880011092266,0.0,0.0,6.033873837873546,0.031335920030503735,0.0028487200027730664,0.0,5.149346277012522,0.014243600013865333,0.019941040019411466,0.0,0.0085461600083192,0.011394880011092266,0.316524444752548,0.0,0.0
3.6500000000000004,5.0833722879605885,0.13393025104455938,0.1650548868506894,0.10873411729673987,0.11627948355277139,0.9067913375551905,0.9135282717123613,0.0021775948790854825,0.001616864197721039,2.952932979771191,0.0013473868314341992,0.0727588888974447,0.04042160494302483,0.003266392318628224,0.0010779094651473594,3.060723926285927,0.0727588888974447,0.06197979424597141,0.001633196159314112,1.95020769981786,0.05389547325736645,0.05120069959449812,0.0010887974395427413,0.0485059259316298,0.05928502058310309,0.11976771834970248,0.0269477366286838,0.0
3.75,5.173178294488265,0.17615541901006343,0.22517257908242888,0.13990314437320978,0.15994401450696338,0.9509839649456086,0.9139657971826252,0.00979930599089812,0.007914228970017341,3.1235674660697477,0.007914228970017341,0.11743694600670603,0.12509587726801294,0.00979930599089812,0.007148335843886631,3.0145553444504767,0.11488396891960372,0.15062564813903598,0.004126023575114998,6.832021982794648,0.08424824387437606,0.11743694600670603,0.005157529468893747,0.1021190834840922,0.1123309918325014,0.2836641207891475,0.20423816696818717,0.113465648315659
3.8500000000000005,5.14784267557556,0.22452724480232247,0.28665371545150875,0.18262518077772508,0.20297069163359896,1.0766166161233257,1.0499736852406336,0.03669825190453454,0.033666976297219875,7.591782050791797,0.024947471644702495,0.17681217767604673,0.2567409703241227,0.039634112056897305,0.029065015508391256,7.2967721433816255,0.19861093930734017,0.21072136243583653,0.026912051396658664,6.08500320514428,0.14048090829055768,0.15985758529615185,0.02446550126968969,0.1550134160447533,0.17923426230174602,0.16147230837995394,0.33909184759790245,0.05382410279331798
3.95,5.132053372054055,0.286705380726001,0.34469073862564165,0.21215277771217728,0.24068525540882585,1.1056335107451414,1.1689111830562577,0.10366149440131354,0.09319075376727962,1.8023782080471635,0.07386230113406607,0.2623147143079003,0.3129368521567934,0.09808329739317112,0.07202149612137906,1.7407112401221487,0.2876257832323469,0.3290438960178048,0.06879776310042335,0.5294615417740998,0.255411695510324,0.19558553259799588,0.06972746260178041,0.2208966015224424,0.22779962032001871,0.409067780597108,0.32214087722022516,0.2556673628731925
4.050000000000001,5.158382988805021,0.3203286652847885,0.4070045460178095,0.26911109939709427,0.27830399583847526,1.289194286660305,1.2913830715273005,0.19898044245413482,0.20355699263057964,0.20421362809067828,0.1661287714049569,0.376470997123213,0.4443233280000712,0.2303751344857872,0.1624078371310646,0.1915186758621045,0.4027364155271581,0.45307846746805286,0.17996675573073972,0.1796992375803289,0.33269529978330453,0.3283177300493137,0.17908239820872135,0.2976747419113777,0.32175137544832744,0.535036300821115,0.3283177300493262,0.19455865484404183
4.15,5.268323644067753,0.3547950374005244,0.4533955383937372,0.29111120430659954,0.31122737417096535,1.3049453196987624,1.4227239308217339,0.3777506540709908,0.3693870777166447,0.31956568292303406,0.315188070828198,0.5378209145084356,0.5357363373204185,0.3756450205477411,0.29225772176000897,0.3110189164521636,0.5836816126448139,0.5815970354567966,0.3141605216688508,0.3260278722058873,0.4231691691674901,0.4669452901158511,0.32889995633159846,0.42733832354352447,0.4231691691674901,0.880154812718377,0.6670647001655015,0.5558872501379224
4.25,5.2261894871319425,0.3910677768080655,0.4972076460916777,0.30261788573838866,0.32716521505772594,1.5602958312290995,1.525512166201699,0.5934805992553964,0.5742286186523513,0.5183759908083532,0.4955181537903468,0.689710386543309,0.7652406306028068,0.6107469495720284,0.47385289957327986,0.47266031677234044,0.6658587305245202,0.7075991285574005,0.540075376183023,0.5074439817997414,0.5625015544431021,0.548588088432142,0.546901607703552,0.548588088432142,0.4770331203757756,0.7950552006263095,0.6360441605010505,0.7508854672581812
4.35,5.219977070432718,0.4183561349078507,0.5202415065384701,0.30442286551457887,0.344361172271088,1.6971408738098386,1.7293950882925297,0.8712279206079275,0.8268462747974663,0.7137667934346187,0.6851174617470516,0.7608200004446565,0.8424041900185224,0.8520632061202916,0.6585551674671881,0.6532427086112154,0.8063553620672793,0.8101499755358312,0.7052614931450008,0.7166127535360327,0.6431869829195475,0.6204193021082361,0.7336252705867018,0.6697492771994108,0.5635001000799575,0.8432474374559769,0.777895761053144,1.3070335280567642
4.45,5.193550777787395,0.41825821970086596,0.5242278466688574,0.31818083033160804,0.3451038236673595,1.77039077389635,1.8410976250811506,1.1339467043157092,1.0607840673904494,0.8767649546915421,0.8820226436257966,0.8756771569809904,0.8883681302705699,1.11673239711195,0.877671452783655,0.8580910939940176,0.9735789509291756,0.8321652485595746,0.9211485663288143,0.8874616321784737,0.8611731875071851,0.6961905347426507,0.9533796096039377,0.663556603426589,0.710694504216456,1.248952926911016,0.7977183210593088,0.4028880409390374
4.550000000000001,5.200283096867047,0.4184583469241618,0.5185207033996037,0.32871437902807654,0.3445821530618771,1.8789872312156188,1.9674305618958186,1.3421525047963998,1.2937004840672386,1.0897605686164247,1.0665225170259407,0.932990429528383,0.9815475522547672,1.3211321053477483,1.0446718117990679,1.0196995772540702,0.9850159181637946,0.9850159181637946,1.0765947917617689,1.0691237914577112,0.8029267079398538,0.8480154647572105,1.1056730109990702,0.707546645441599,0.7283568408957636,1.3488089646217973,1.21392806815959,1.271734166643409
4.65,5.142481946488706,0.4204961255118387,0.5119011075826253,0.31381546977981245,0.3388044794104272,1.9235726017984838,1.9102894073104493,1.5201878136305547,1.4732723086541142,1.2562581187058524,1.2280313304187793,0.9779751941815338,0.963031600382495,1.5164980373838786,1.2114273373087363,1.1994724622695054,1.1556379204589942,1.0709575555977746,1.2572073975038216,1.204287620271418,0.9265028155404004,0.8301996555021509,1.2759917129414453,0.7720856796170004,0.8019728672150778,1.8079903608713104,1.328319448803441,1.0700351115360816
4.75,5.1174315226648694,0.4118093475446101,0.5162733493464017,0.31689270310474926,0.34458003945434823,1.894354823229707,1.9930108493029886,1.6764130856049968,1.6521701914821048,1.3974148725412543,1.4036206548265093,1.0820338343521216,1.0979460966220058,1.716274106240667,1.3523831703174813,1.3531787834309754,1.1695512768364844,1.1090846802109247,1.4221383491306818,1.3665450837376785,0.9515532837390717,0.8417586740768711,1.3854919269333723,0.8353937691689174,0.7940218872672187,1.1668992331248595,1.5594017024486595,1.4851444785225483
4.8500000000000005,5.076554679052388,0.39492687020163775,0.4906250915026723,0.3069364003770023,0.32723602307722177,1.9193064319944062,1.9467796055736502,1.8182862468776686,1.7729354683139031,1.48828286428451,1.4632517505789764,1.233240236223841,1.1843990387496297,1.8213696558091215,1.4212788464995751,1.4470731039156435,1.1996619129603208,1.2393453859081176,1.4840447187081938,1.4485993913367126,0.8455632312722872,0.9661399375367469,1.476336196379562,0.9310353268521573,0.8272477822194578,1.1871124386093173,1.3736586789622343,1.4245349263311806
4.95,5.032119918161877,0.39422395992611947,0.4743728192755294,0.30337881770192543,0.3332697999821441,2.016908681800043,1.9634272674261224,1.9394505436719245,1.8286247983192607,1.5493492481913351,1.5679578499050009,1.2264094200266153,1.295275898809472,1.8897210425521316,1.534403757051226,1.5124250936098886,1.2982063872683167,1.24106186232084,1.5623351601801614,1.4986517978533171,0.9450825279774993,0.8996599568654023,1.580687714164847,0.9172428876184722,0.9113819107007822,1.758293075307014,1.7289881907185622,2.018780938315461
5.050000000000001,5.048876826140559,0.3722199884172285,0.4599253790314241,0.2981701722646331,0.3262556063377182,2.1046478165043063,2.0856426355525954,1.978017710724295,1.9084017257881805,1.60558584262424,1.580949496946095,1.227593910362378,1.209292625001471,1.8824585517302819,1.5530752315502514,1.554905360086342,1.2951678870795733,1.3176925459853048,1.6119920035061546,1.5544830227318596,1.0037551124866693,0.9685603329464635,1.588386616016562,0.929142179861433,0.9404045093142989,1.5329281755289934,1.47818074068864,1.4390754300884427
5.15,4.999261945195757,0.3560105211659645,0.4423735297225749,0.2932687430061073,0.3241996951302224,2.05822812712102,2.025740474999412,1.9560957544264417,1.9112215012708185,1.5990693104690261,1.6097631626257223,1.238591737136293,1.2521282588536293,1.9755117754755507,1.5621146061806959,1.593925432216438,1.355005823905387,1.2291161719341572,1.6169990487800292,1.5660401974787237,1.0301293026893101,1.0517877374370486,1.5497266378211443,0.9989953027394362,0.9827514766786324,1.564220287336711,1.394261736885685,1.5943014467085708
5.25,4.95300046427224,0.3430988173962525,0.4377310462642773,0.30213276649605453,0.3197175578204638,1.899808751603779,1.970799205468987,1.9851801833347444,1.9168725120741272,1.5712987981211062,1.6026909070780146,1.3195106378982708,1.337746717790251,1.917288284169797,1.5606176656129465,1.5673910667156818,1.3286286778442609,1.3064848665468565,1.5880915172885979,1.523754732688444,1.096769947789086,1.0355488224374385,1.5701975283614025,1.025128205356307,1.0394565538428628,1.389415610817543,1.5109894767640992,1.563092562169736
5.3500000000000005,4.9260230834954655,0.3416192690703978,0.42139523937653806,0.2909439671778181,0.32054637125368146,1.7962136710439247,1.766736700883637,1.9881909123371828,1.8517808956439443,1.5590181366902787,1.5577637975345218,1.268136886470257,1.3872991062671653,1.8331089803526868,1.554000780067251,1.5469764807950122,1.3622123231520267,1.376010053865353,1.5115420331495406,1.4924127275195862,1.102564117910342,1.1138531703121544,1.467956915010107,1.0624252649261203,1.1226335444024529,1.5609553938308474,1.7059012518294472,1.3937101730632566
5.45,4.901863574920914,0.33657140910374117,0.40534825657367424,0.2984359163502018,0.3224896819855563,1.7466176554315604,1.7073338673336187,1.9056452669235793,1.7912198640719483,1.5098270680965455,1.539803620245128,1.385206804930497,1.4359735464724523,1.8206677486138143,1.4968936363227618,1.5112775464263155,1.3694932896913203,1.3731194855157458,1.4736762155156076,1.448302612275463,1.0769801598543394,1.103572262566792,1.4077453823442383,1.092693675093516,1.035883273844185,1.450478329770148,1.3779544132816344,2.0145532357918725
5.550000000000001,4.816254242021882,0.3311377594297983,0.40328639480010636,0.29791908240146586,0.3243774672626289,1.6993975827125432,1.6737550951819011,1.772840115869666,1.7148996319924752,1.4474018643432718,1.5003186340655978,1.360217406739052,1.4138335170303942,1.7321041163949082,1.476541054719002,1.450082669857839,1.3310782163633226,1.314760269752914,1.4076289298271834,1.3582359417935372,1.100295828587545,1.132931721808362,1.359593415995677,1.1807199940245583,1.1422562627285955,1.9426126917153,1.3287470811332958,1.398681138035016
5.65,4.681303335537389,0.32919230695759394,0.38941864121649095,0.29663297219017903,0.3281800996591251,1.6026615559090522,1.6617069816530698,1.719048354706063,1.6609197093097874,1.3950465922453008,1.4345226768855863,1.4047187953195832,1.4485811115865679,1.632936892052931,1.4039315229763052,1.3651302432016656,1.333864284426762,1.412591518752119,1.3357501027381635,1.3133952035021463,1.1280488004047573,1.1044306301071503,1.3137110212675729,1.0605683138401658,1.0347007939904056,1.6495230049122596,1.5183109477032797,1.5495519137054559
5.75,4.591379015337343,0.32994974180036774,0.3947234857476836,0.3040511031894124,0.32631198753006585,1.5924676529544777,1.6130996920994727,1.6580218166706777,1.5754190732399984,1.323056657592786,1.369750219868303,1.4355555657728056,1.4420709465554358,1.518500531224455,1.3556335615059374,1.3183873013652343,1.3823466227146608,1.370401757946506,1.28026135513232,1.2547537490548788,1.1152160106268316,1.1336762561776166,1.2613952693644346,1.1673390568878714,1.0924121778876268,1.5926486357540321,1.3030761565260252,1.858090075046371
5.8500000000000005,4.506870933772575,0.323487000623837,0.3891076002314939,0.312681370312744,0.3268440896525261,1.5883227466985659,1.5778318434839123,1.5225585594761861,1.4192093868783093,1.2666716541372491,1.3194408973069558,1.351228334047393,1.3606701469405813,1.4736010111411362,1.3357017972896685,1.2668814722015422,1.357522875976185,1.3847992243342846,1.2478876389470746,1.196067875502632,1.0616794053229517,1.0889557536810512,1.2065598384045,1.1466557213616464,1.1267230052538044,1.5386658048158581,1.2693992889731096,1.5852920413254297
5.95,4.44904834350791,0.33623279117523847,0.40803276588555937,0.3086993262969163,0.33349465654645505,1.561243800374858,1.482142133321114,1.4130126849771498,1.3713997994458604,1.2315521085905885,1.2983828760116358,1.3224176133087464,1.30416338245019,1.4019495147598429,1.2946306174462658,1.223743354278873,1.358926075025859,1.2960503909574983,1.1860128219998143,1.1795275506437035,1.10640921481583,1.0607736376694392,1.1614279992946879,1.0709148770353039,1.093225603640206,1.5549900360992115,1.3487848356599703,1.4197735112210192
6.050000000000001,4.4279449429497175,0.3383044770953648,0.41118363815128134,0.31608761305880345,0.3446311337415379,1.4737676916085172,1.4786720766055506,1.3147714931440886,1.2931882360177702,1.1804854687859425,1.2631733998359258,1.3232030721995938,1.3594955211776405,1.2773198258940157,1.2440462983474954,1.165870401494783,1.3006429012132403,1.3594955211776405,1.139402575068351,1.1175131654240333,1.086811715342587,1.142721704308767,1.0930338441873084,1.098582239335467,1.154492228301647,1.656592265664582,1.0985822393354672,1.4168223324762872
6.15,4.403703871035622,0.352025132727618,0.4145324941678597,0.3328505131210442,0.3478484829123247,1.442842663464937,1.438571089790205,1.2650761630619989,1.2205309846600274,1.1286446887235748,1.2381868225155854,1.2843198182026707,1.3450710882432997,1.2008347632399934,1.220625908519466,1.1289294603018905,1.3725990074804597,1.2577411375598957,1.1024591270946538,1.0713106776227306,1.1068122010527082,1.0868781905706268,1.0972814620343727,1.0897259063537814,1.1267462115347895,1.307839841152417,1.290964488363377,1.582064323974698
6.25,4.396008385881689,0.3531207585094471,0.4204453174912717,0.3299592720064849,0.3592787727780918,1.4379422870588963,1.4273725610754016,1.1660584835546042,1.1574309505230262,1.0887736869606741,1.2512717351243134,1.2389557065870196,1.2564187321249671,1.0717340074963655,1.236566029408147,1.0713106614227266,1.2545805189104464,1.2582569453394878,1.0743335009310415,1.058443168921081,1.0771929437091892,1.081788476745491,1.0388689833579636,1.0523770653131583,1.045024212455075,1.7360902581585105,1.23160285372896,1.2867492501645432
6.3500000000000005,4.394842355538779,0.36465795493511494,0.4288103310871721,0.3350525905068581,0.37053450847576136,1.430851748457378,1.3845516296522855,1.1125339347688403,1.0726490985479988,1.0435334469147959,1.25010320773752,1.2118165710332864,1.1379144583251581,1.0594704730458318,1.2283777673751302,1.0303557207933463,1.114764398922612,1.2661301719392604,1.0582113400557942,1.0134383696914853,1.0239449351126226,1.0292872565132103,1.0330286802550444,1.0426430600146792,1.0355199648138957,1.3256871623680346,1.3890035641527747,1.3850462890412303
6.45,4.374505026804476,0.3723812961785219,0.45397724415923857,0.34813120481672244,0.37725720422813636,1.434725156191876,1.4416290967931,1.0512818642772943,1.0264433688869847,1.0260118725994083,1.2388258416321394,1.1443281546528887,1.1132604219473805,1.0193772902867895,1.2674771951272192,1.0184175379380618,1.1391501992019708,1.17625887993355,1.0286174128086296,0.9976194168768744,0.9794965727986642,0.9751816099228992,1.0240845225148967,0.9751816099228992,1.0373170753339158,1.476676184150739,1.0701107931897207,1.476676184150739
6.550000000000001,4.354108393019416,0.38298134393180977,0.4631509336808917,0.35980078405655325,0.3911824084364131,1.4406257698647682,1.4460652514239438,0.979529328791412,0.9749224640676464,0.9925798580520475,1.2611228784119684,1.0837120952511616,1.0954279016863093,0.9746266103697773,1.259867613436774,0.9836256345623274,1.0971015883199018,1.0728331321328102,0.9888275878669258,0.9776003626813944,0.9456329479797781,1.0067225101059054,0.979191210279575,0.9791066806516286,0.9874751138195913,1.4319318976291748,1.2971071410341868,1.3947388613271183
6.65,4.314102688755076,0.3992751097107519,0.47287065402811607,0.368992552589542,0.3969612950245469,1.4804354667701045,1.4114269585850434,0.9294621886743671,0.9382721518762017,0.9739130166917813,1.2945996135517792,0.99940557148012,0.991286923458348,0.9368427777850689,1.3139219958435968,0.9676616577150168,0.9458224945364254,1.0132072731171322,0.9862107182810957,0.9858474292837862,0.9377038465146535,0.9441987649320711,0.9568523749296379,0.9506936833494886,0.9888513290518165,1.4433152038705532,1.1284920750263085,1.7319782446446639
6.75,4.291407346104367,0.415900157467981,0.48559771132937335,0.38434123115765007,0.4095568526790131,1.4569901310312303,1.474325870827167,0.9084946466061682,0.8994097001401165,0.9608727775984388,1.3541576745144472,0.9621335586744901,0.9550416651216068,0.9021270654139049,1.4117596099273109,0.9544112745835895,0.9778933221253416,0.9534656887765217,0.9793339873700975,0.9596907953396249,0.8841227295927747,0.9377059253256701,0.9358752457329004,0.9093383511141372,0.892790599490743,1.1031834415596509,1.1031834415596236,1.2082485312319986
6.8500000000000005,4.231930702080741,0.4163561320830582,0.4977680450732951,0.39110619666315394,0.42798640536737775,1.513848400857035,1.5149961251943034,0.8718067693190316,0.8600281033931038,0.9467960632905931,1.4423834321230782,0.9105279742329399,0.8868083379293927,0.8436739976849778,1.503442366865756,0.920627948400874,0.8623235520676666,0.8883386370457506,0.92343504253757,0.924912785926676,0.8317175697405089,0.8944598335111822,0.9118418674136467,0.8477857104622667,0.8791568423476033,1.0712093814505117,1.1324213461047965,1.326259234176824
6.95,4.193012709291676,0.4314424778365771,0.5176269128527733,0.39881206216420956,0.42906395095385325,1.5378662876111453,1.5609082667875327,0.8475003614957826,0.8456406357734064,0.9304499849355279,1.4812276162162645,0.883771394862084,0.8726220500993158,0.8449476495635663,1.5653680046926202,0.9157328498486742,0.862215994987399,0.7878870299022783,0.9566663364793817,0.9216048380903987,0.8458636226686724,0.8525532295263333,0.9227302837334486,0.8451203330178212,0.8644458639399526,1.1727458935652488,1.159531855327874,1.3379213715321852
7.050000000000001,4.154402760612905,0.4393714059095479,0.5166270933111528,0.4059264472681799,0.434820580003703,1.5519761045567793,1.5519761045567793,0.8268391721185618,0.8254331369220557,0.9302466034201656,1.4534471119286498,0.8242051362807936,0.8068686566394798,0.8071386270716141,1.491659602471379,0.8985352927429291,0.7916992369533303,0.7548592177155384,0.8946966050580485,0.901930353339353,0.8393745559669432,0.8343180827382267,0.9078303017560136,0.8097580699130321,0.8689910420208543,0.9149808699582291,1.0257417121111072,1.0273469417074854
7.15,4.0779007992229035,0.4536788598482795,0.5253123640348499,0.41733539081244597,0.4548025226590492,1.540822629268001,1.5488989557204085,0.8411864652845562,0.80615783780161,0.8922585006768406,1.4031037060230303,0.7823502319984289,0.7900754138224708,0.800184122820863,1.4190456721508258,0.8951378866294382,0.7760296286878492,0.7226556451762867,0.8912689112696208,0.891766898197129,0.757770108012841,0.8041211989570926,0.8922620475922708,0.8350219262532603,0.8441516865907644,1.0456306711329735,0.9410676040196773,1.014417815278258
7.25,4.018460185483096,0.4573017576421893,0.5359890802417117,0.4244129157744202,0.4563113356129418,1.5652083310485871,1.5716973029643462,0.792475613231337,0.7945916873266001,0.8861203438225723,1.427232296629357,0.7424749970978898,0.7124208113827958,0.7775727112238524,1.3436953213348988,0.8705468112247502,0.732229251967744,0.762283437682838,0.8903104051138058,0.8803144215821561,0.7848240769691586,0.7998511698267055,0.8911383441142215,0.8210257097623399,0.8087308156061651,1.183952770594653,0.9357780552199969,1.0018061905031679
7.3500000000000005,3.957282860593103,0.4674726147012495,0.545528711654138,0.43470832709139506,0.46687448369011625,1.5707584942371344,1.580062754410318,0.7808596993829108,0.7867416566439283,0.8791196683633962,1.3397470059372318,0.6719005025063435,0.6905090228527111,0.7816652630342686,1.259663909446614,0.8575204929613622,0.7263968835207056,0.6825339427042678,0.8845088891909587,0.8756638002990708,0.7463345838918138,0.7915267047329921,0.8690689192065992,0.7828870345721787,0.850010625821576,0.9599633512014871,0.9038424168235581,1.1076500206171005
7.45,3.902731006237265,0.4741547397901187,0.5475743345598029,0.4443017503749564,0.4754808205767077,1.5777127017027608,1.6162013879476622,0.7745435646329666,0.7946781689388278,0.8746311373399993,1.3296385643091255,0.7109086753470004,0.6973244331429177,0.7731060786854447,1.2862336761236999,0.8499207539020968,0.6863276656443744,0.7089680693178457,0.876213025284974,0.85962378404787,0.7542488766647885,0.7865923104840333,0.8708551231169376,0.8105264515102745,0.8221700876852025,0.9631155848397072,1.0026464483965893,0.9487407253644877
7.550000000000001,3.8473512017802816,0.48750143241886557,0.5530999778793627,0.45635550756988247,0.4869345702881459,1.5774513404302983,1.5676887148456828,0.7860997179766254,0.7704916050103336,0.8836120924294916,1.5943312349895018,0.6928314931017481,0.6695271610610529,0.764086890004797,1.5772623863867223,0.8549540624875557,0.6928314931017481,0.689052412230284,0.8667710066132684,0.8722748498150994,0.7822697403930646,0.8062039192456705,0.8615540936257252,0.7677832637191191,0.7860488212645288,1.049744686517819,0.8439947279603132,1.0777378781582942
7.65,3.7920346011282677,0.4975081635533776,0.5692862696459174,0.46391969083058654,0.4995633486423521,1.6073387860038606,1.5567260188873269,0.7816705777875216,0.7884548884626684,0.8891896322267285,1.430899612395213,0.7030573468551238,0.6963089779062526,0.763699714654623,1.411022598400356,0.8664905730350707,0.677290847232161,0.676063871059639,0.8818116633832592,0.8590060183826862,0.7785163814652286,0.7588847627048761,0.8702855235807795,0.8374112377462861,0.7791298695514897,1.0497462809355291,0.8036693930019353,0.954314800850481
7.75,3.7068836631233775,0.5003836365863046,0.5746551296526627,0.4832578556901182,0.5106949706337467,1.5694149299455133,1.5625407072472184,0.7782936370752797,0.7855144389416592,0.8790038676384673,1.0036962898005783,0.6898133038115112,0.6922043377935267,0.7758784512348599,0.9996913078807023,0.8605929059769475,0.6641096885048431,0.6521545185947649,0.8833542211335409,0.8933500715305606,0.7740972516775624,0.782465870614617,0.8770747379484494,0.8183313803448516,0.8243089652998907,0.7970113273385208,0.93250325298607,0.7173101946046687
7.8500000000000005,3.6620837273057565,0.5117788432032103,0.5804704707233133,0.4882116139140825,0.516498115322912,1.5634773744715846,1.5646426268468197,0.7767172145631985,0.7927211908723678,0.8940981475178125,0.891185016579725,0.6729332466982225,0.7218738464580933,0.7722445286784582,0.8913015418172485,0.8587910005481921,0.7003166775162454,0.6356451706907019,0.8734684723857398,0.8671808176498841,0.7626576795913188,0.833738074480655,0.8799420966926007,0.804024138912162,0.7783885866569916,0.9063074029605586,0.6758463776362951,0.9969381432566145
7.95,3.5874070268346343,0.521082631514894,0.5826604765560086,0.5032455066598109,0.5314497502602846,1.5544997505074338,1.5874473059722358,0.7838098356830282,0.812043629947172,0.897082406724431,0.8868573033043197,0.723142036322296,0.6850819291474384,0.782776996953724,0.8908337324121408,0.8663502903339854,0.727118465430117,0.712916932902185,0.889733185366108,0.8643620757800748,0.779948166434024,0.796421944166425,0.8803228769435593,0.8253930705234063,0.7651785726049747,0.6816735613407354,0.9827460509329023,0.9593924196647388
8.05,3.5715543129874394,0.532289911785066,0.6130960357859527,0.5099899701255823,0.5451158409631293,1.5662592564313014,1.5662592564313014,0.8102354108689291,0.8279511258616734,0.898590692609106,0.8922192807063964,0.7202465629149953,0.7041795242038147,0.795684975254485,0.8917206484705321,0.8927179129422607,0.688666521310261,0.7169223480092338,0.8858976760640384,0.8867343261118898,0.8155407235468255,0.7989196490180179,0.8838830003635769,0.8504449800573214,0.7906091117536141,0.9233930293781654,0.7368676374437965,0.7017787023274057
8.15,3.516281445727114,0.5469826819859436,0.6156832095618252,0.5290373042084513,0.5505771627757123,1.5202221385300323,1.557788516708819,0.8301129479402226,0.8410544524631931,0.9029984372011635,0.9115387073482832,0.727004009359251,0.6880863226128822,0.8049977179972797,0.9074847816455365,0.8955392139081094,0.7140314471104614,0.710788306548264,0.9312290476235489,0.9021335997179109,0.7929478674572649,0.8107851405493506,0.9044758679017184,0.8075419999871531,0.8405139290361601,1.117081749201355,0.7405170950350652,0.8288025881171344
8.25,3.4645312615144728,0.5562217465585805,0.6268539167555495,0.5354118950703771,0.5678267334468053,1.5376607626898213,1.5215720308675091,0.8585985248707998,0.8834032518959217,0.9461756809731384,0.9397929381846147,0.7664566340268646,0.7369166674022917,0.8368591554934084,0.9364169419989493,0.9014964814534725,0.735334169190261,0.6868042240213198,0.905380795246657,0.9221744580906732,0.8123490821757546,0.8250090678720001,0.9165701765438438,0.8097115851557035,0.8450540452243889,0.8557212553943685,0.8281740642960593,0.8791656733503787
8.350000000000001,3.4072241093739932,0.57423589281638,0.6356940408750582,0.552144945587915,0.5727168183566138,1.4783941606741722,1.5293732696629367,0.8865298781803066,0.9148947771751444,0.9470270640529117,0.9489323438838049,0.7430591340483562,0.730185621677456,0.8761270399007911,0.946203159261174,0.9370372184530931,0.7667463968108125,0.7621119323572884,0.9271009474704168,0.9373976767994783,0.8290541966859691,0.8522265189535894,0.9473864821154719,0.8717942577573576,0.8779735436953897,0.9154497685973655,0.7363649076154921,0.7781323033077607
8.45,3.3954824756828557,0.5708067283117648,0.6429118065710205,0.5536352609299406,0.5832767836871451,1.4916298093171878,1.489869922469856,0.9154459029238123,0.9457129092748126,0.9826705330687825,0.9729157316864285,0.7768643368936643,0.8155818475349667,0.9140237721380896,0.9825196856247255,0.9628592354159605,0.7683163150637664,0.7698247895043366,0.9548592418424141,0.9560711004333946,0.8412259130246604,0.8769264747848223,0.9548592418424141,0.8527908837356988,0.8809490732930096,1.0503451660266776,0.7341242277441558,0.9162585490871018
8.55,3.3586747857782577,0.5876882477524035,0.650405771768768,0.5682148740073066,0.586853323783509,1.5050732368688666,1.4672560923954117,0.9422784233619295,0.9807409844031209,1.007065646010616,0.9892375636159878,0.7892487164784691,0.7892487164784691,0.92947923239492,1.0184107893526524,0.9784817783696418,0.8123319085596689,0.819207753009388,0.9968486174073187,0.9933630702858192,0.8791258260712257,0.8756879038463662,0.980279122124446,0.8850194070281278,0.8791258260712257,0.9822634928170019,0.8201900165021765,0.8076388718717571
8.65,3.3192759562581338,0.6002341881945695,0.6557278998139652,0.5801048219824325,0.6056324091692189,1.4572797422230672,1.4745540493419445,0.9708315701209815,1.0151534483527311,1.0367463322513286,1.0396733676242496,0.797017336790423,0.808053699671928,0.9536735883025679,1.0271015107766217,1.0229268865562262,0.8171706950957799,0.7979770205192496,1.0011730859919619,1.0164010372002057,0.8814695049271566,0.8718726676388914,1.0241473328335666,0.904501914418993,0.8905865003510085,0.7037680678061347,0.7629485644170958,0.9276942711989957
8.75,3.2633762583379498,0.610133725499324,0.6670392113108242,0.5819975149621174,0.6051629949710842,1.4705859374112826,1.4916880953141867,1.0140403959267992,1.0630798214641206,1.0703483425195657,1.0597034761996558,0.884883821395118,0.841741631904736,0.9909251253171074,1.061438542516117,1.044416135141107,0.8389280108510154,0.8154811687366774,1.0325136654714298,1.0466670319840836,0.9369358108889485,0.9069238529825958,1.0403766468673494,0.8914489371871327,0.9031723582443018,1.0108194155959076,0.7456095792359543,0.7502989476588181
8.850000000000001,3.2401925919271672,0.6163867319609365,0.6726552563711585,0.5868658116186286,0.6163638119917266,1.4808592106495049,1.4611480371290193,1.0385755744996303,1.094199330079021,1.100021002258327,1.0894778164217884,0.8732508268959316,0.8682084336697609,1.0340378836257575,1.0805390284299405,1.0731587983443636,0.8475804613808805,0.8452884644598938,1.0740436480647984,1.0623864128157263,0.8879196071902464,0.9112979757843107,1.0622826941672099,0.9406355363729405,0.9140483720894947,0.9677320333054892,0.8801268176589059,0.8658655034838588
8.95,3.2006698697045937,0.619833972203725,0.6784826635500678,0.5966837627422149,0.6193633483908579,1.4927739130988986,1.4613989922410926,1.070731426099729,1.1164989693828036,1.0948054526754059,1.1109411262594207,0.8910477523616905,0.8968745233781402,1.0497242640823812,1.1061452454997274,1.1066831012858611,0.8811870629492372,0.8811870629492372,1.0808728146598279,1.0888442177124227,0.9183887548234929,0.9345244284075075,1.0957227050514011,0.9511083151466335,0.9242155258399426,0.926307187230473,0.8291943369562931,1.0856718646034575
9.05,3.171080652795888,0.6238559013401788,0.6937090003659719,0.6050282226256647,0.6297299617540202,1.4731179119935602,1.442432521772001,1.1058253035977403,1.1537706723306402,1.133562151056156,1.1347457303932733,0.9481785578461749,0.9074108251232464,1.068010984334808,1.138734831122076,1.1115563426401232,0.9039039233836397,0.8925064927299178,1.1048511642256273,1.1162906599885924,0.9924531923087101,0.9192466184944192,1.1190204641836348,0.967466517414012,0.9565074494777409,0.808535678853768,0.8548072990291377,0.9351737972284545
9.15,3.1366905829155405,0.6367319400686385,0.6854688642259666,0.6145612495368844,0.6376324903610309,1.4829061481393433,1.4773313129959622,1.1311674043065387,1.1789489827833386,1.1405255036412656,1.1470866557715524,0.9327128028348963,0.9104134622613724,1.086811295628822,1.1533905078182989,1.1397536033906435,0.9374299710331417,0.9438624731216583,1.1106353774381426,1.1211851140284588,0.9824574856527575,0.9815998187076219,1.155944449388232,0.9249938003286765,0.9541544764632848,0.8671965778592559,0.7290169033652182,1.0196707014389053
9.25,3.109300919088814,0.6386908264455495,0.7008353053868712,0.6198922264687013,0.6405371175147042,1.4145107259364724,1.4583601388288965,1.147447011573857,1.1985366320060593,1.145665569571174,1.1572468499140536,0.9462241729417815,0.9277612622502346,1.1319340976319232,1.151540132063939,1.151959743670565,0.9290200970701127,0.9357338827761298,1.1510921225001038,1.1164186405893364,0.9793734898652408,0.9852480523580057,1.137359379010523,0.9571340747140592,0.9714008693393456,1.0816654748583043,0.7594970079932146,0.9511196416857505
9.350000000000001,3.0579451106901843,0.6488191814014691,0.6986556897174916,0.625594998910566,0.6438704387133103,1.4468398747206352,1.4495093209839576,1.1657619097417053,1.2242491247636036,1.1647820756975957,1.1535704013916426,0.957715182471905,0.9688036515657049,1.1217067126686966,1.165233828142158,1.1597717304033601,0.954019026107305,0.980302804700016,1.1507449781593804,1.1479440300366404,0.9544297101478162,0.9963194822799493,1.1652641109047222,0.9987835865230159,0.9979622184419936,0.9217575131471583,0.8788638466937668,1.1316626894083923
9.45,3.0133483940795904,0.6539154306495973,0.7077483701909322,0.6323460713785546,0.661111917713002,1.4589972934690627,1.4541728328678973,1.188409217445252,1.2410120819730568,1.1684039499255208,1.1764447175941295,1.0115285727109842,0.9862001545548665,1.1520227132479124,1.1744747295153204,1.1544130141821418,0.9648921202330533,0.9789634636531186,1.1473931803478044,1.144241443081352,0.9769532717359665,0.9841899626377143,1.1535658908812816,0.9886123848554491,1.0147448797784278,0.9648921202330386,0.8281990698667102,1.0899707284113955
9.55,2.960879047507725,0.6583027676310369,0.7044991077605045,0.6390723354595457,0.6628102077203629,1.438444199685341,1.4530097266115474,1.1631744298263185,1.2566113108417,1.1596127747709646,1.1770520407934222,1.0180122332748474,0.9605374513498173,1.1428948264073582,1.179571483288766,1.1668955382340676,1.0065960094678208,0.9703790235972539,1.1367711814533976,1.132961797124906,1.010138975476898,0.999116414559769,1.1518019463403917,0.9951797856607942,0.9932114712113069,0.7785777155749789,0.9684107091477491,1.0672638348331172
9.650000000000002,2.9213762816710855,0.6656073391756073,0.7120656827638028,0.6484698008146506,0.6613277739156158,1.430955537158376,1.4118709893773334,1.1835106765960675,1.2894600010848114,1.1747984958306261,1.178075640399088,1.036348776473586,0.9873843811565676,1.159365345253864,1.1795792714363824,1.148118683579148,0.973119163623263,0.973119163623263,1.1331170334399203,1.1389426787874546,1.0066617021475197,0.9970230416520437,1.1619356547193245,0.9869988347367485,1.0155292698033578,0.9424468040021126,0.9253114075657267,0.8910406146929064
9.75,2.8786685714896962,0.6658092538872985,0.7148319103933801,0.6583878732991282,0.6742503661593395,1.4414096190713521,1.4249806086089905,1.1836975191597419,1.281840494465648,1.1563001938291184,1.178054469751694,1.0503236343868545,1.010667402236326,1.1623338924119833,1.1699343841208716,1.1626829588133465,1.01633257825783,1.0008477637990523,1.1350189696416348,1.135716720950987,1.0495682775839874,1.0216200758779006,1.1617998017432893,1.005002226214822,1.0057575830176892,1.0155352571881342,0.8648835392829566,1.216963737952723
9.850000000000001,2.8431648666422644,0.6659953221661402,0.7255361735824658,0.6603150731341911,0.6737848493402462,1.4426352345963047,1.4370845026432602,1.190884309925941,1.2997223892452474,1.152961036406747,1.17157449088929,1.0131936058290836,1.0305858992819568,1.1292095104476672,1.1705383542580552,1.144523923838119,0.9835897020795121,0.9917307756106443,1.1465532116342847,1.1242452497696627,1.0091230690635176,1.0165240450009103,1.1458803956399763,1.0361366312350015,1.0239250209383033,1.1430396169973787,1.0065327274854503,1.1101463906089648
9.95,2.803725170016467,0.6763567831679431,0.7231021194057641,0.6645344560821949,0.6883060370782318,1.409250400466803,1.4221244069558847,1.1726353556081188,1.2901567742410522,1.1485427028611526,1.1531483333516128,1.0262940384253867,1.0339096478978012,1.1493379644370965,1.1557956642634524,1.1297212680221853,1.036448184388606,1.0092495791299827,1.140033660415965,1.1194220628309197,1.037898776669066,1.0556685321047,1.1157105979355268,1.0288325749161915,1.0339096478978012,1.0073557503193762,0.9066201752874216,1.0637676723372613
10.05,2.7637839412798058,0.6735569428308794,0.7282988850405295,0.6705710187103531,0.6885398835070922,1.4247123660797822,1.3914761868810648,1.1548014858630562,1.292762957325035,1.1437866717402014,1.1433245644358343,1.020190741179884,1.0368976975685442,1.1383566416206186,1.1565479426838796,1.1357175672716362,1.0017064490051963,1.0216126098087062,1.1206910010807072,1.1140340706820995,1.0610694642585206,1.039385967668983,1.1275849095840873,1.0368976975685442,1.020190741179884,0.9558116893748667,1.0024173833195873,1.0822000119368325
10.150000000000002,2.7035695753498987,0.6919939386781893,0.7351030718156969,0.6732970511048079,0.6928826071462624,1.3809210998979375,1.4333699643861746,1.1471550024784236,1.2909042115437004,1.1234511923636485,1.1388199293997365,1.015521535672578,1.074766100210786,1.1142061537512908,1.1393775253012728,1.1313620842166916,1.0524622641493429,1.0423558384340015,1.1085034683946717,1.1210465600382742,1.0723266181415656,1.037476874295561,1.1188527862640916,1.015521535672578,1.0075060945879968,0.8906045649534533,1.0071575971495381,1.0377479278588064
10.25,2.6741201018955127,0.6924318564086759,0.7350115031988158,0.6786601086908377,0.6996936340514566,1.3946030381265002,1.38742669316187,1.1246737452505378,1.299055130883129,1.1126068540877814,1.1190313914846886,1.0330519441941706,1.0549227098006633,1.1201173357491852,1.1244990828863115,1.1081643548239626,1.0289511756429532,1.040911750584004,1.1056196691539721,1.0957595299565301,1.0197244464027142,1.0115229093002795,1.109140531041381,1.0115229093002795,1.0258755992295403,0.9492519794484203,0.9705152237881036,1.154290407009279
10.350000000000001,2.625845801205657,0.6903273478451412,0.7407352874071692,0.688232603016267,0.705962523247858,1.4245940632207652,1.422583108185046,1.1088690444435736,1.2857711339215978,1.1001935000419771,1.110952109483075,1.029944137460866,0.9934117876453,1.10020230220209,1.1082373201848539,1.0942946986038675,1.0188838847644104,1.030614455806106,1.0924834848932685,1.0781400264835899,1.0604436221692743,0.9863734450202827,1.096207475700156,1.011510382966773,1.0185487255917904,0.990581554632061,0.9585552336928524,1.0874053156111347
10.45,2.5925178072059785,0.6984339853962015,0.7345335224764863,0.6996668930833697,0.7149056320967686,1.38003467117027,1.3691850835231898,1.0919327879890113,1.2653578174944622,1.0952494342035757,1.0964001480449328,1.0017785927470668,1.0270942972569204,1.0917999494503265,1.1106032446011103,1.0771667881251088,1.0090116511784535,1.0231489926579822,1.0743981008826184,1.0661856903247309,1.0494510233175705,1.010326752711433,1.1003680351954959,1.0172310357595749,0.9896139035670072,0.9571016712239325,0.8416649811068432,1.0155506282452413
10.55,2.546456742199011,0.7034817130136017,0.7587544697483064,0.7005785626744576,0.7199651554947422,1.3849639979016732,1.3693192432962857,1.0857326105607163,1.2251294431188111,1.0865201430376756,1.09339093217365,0.9770713752519316,1.0115866070617554,1.057124686904504,1.0821009030769784,1.0716495618560598,1.0099737457622309,1.0154574741806142,1.0807148198510845,1.0615207928950459,1.0619078796069192,0.994490277286796,1.0839731255066896,1.0270700755371904,1.016102618700424,1.0967456836766551,0.9806196701108889,0.9390436899453714
10.650000000000002,2.5107590197656364,0.7101168491166815,0.7569019117682719,0.7107657623672617,0.7308820731352494,1.3737968329357357,1.3529049916975424,1.0754150416366701,1.203908178503343,1.0727010846665077,1.0647241998301067,1.0059738099239097,1.0563041547250116,1.0569340434186172,1.073080936325384,1.0573170924820199,1.0218009623770863,1.0088226973654815,1.0836003972488182,1.0588681534224313,1.018635531886451,0.9508953193868549,1.079763511805624,1.0284483664074207,0.9866646839310341,0.9848005970865258,0.9432982862093469,1.0129377570032836
10.75,2.4661695028765243,0.7216971486688404,0.7608585277728707,0.7230952145630739,0.734435082371857,1.3509976757943012,1.3829978507067568,1.058387662153067,1.1727908764760349,1.069023318992924,1.0555086820153332,0.9795781698929359,1.0190346962413035,1.0511698135408627,1.0520290513452408,1.0467785372091194,1.00381131205965,1.0286658168460232,1.0526761471642792,1.0545455699548612,1.0010151802711829,1.0246269598182374,1.0627183713203896,1.0121997074250508,1.0187240149314738,1.0287003369915602,1.025248322437895,1.1391648027087746
10.850000000000001,2.441732231796055,0.7231097061919101,0.7628487170383065,0.7248175992137045,0.7394566822576571,1.3437458310761174,1.3849182521372332,1.0295415726618267,1.1506624253443516,1.0409607967837315,1.0609675436104669,0.970754194352084,1.032055354598634,1.0405085624843164,1.0425771955365013,1.0379414859059162,1.0018622458204824,0.9887480672602753,1.0456839958836937,1.035867615808023,1.0067419401684665,0.9933227807115104,1.0480868756762618,1.032055354598634,1.0049120547879726,0.908165336985957,0.9759388695968273,0.8539465108972432
10.95,2.395081279649227,0.7313573206664378,0.7688017854249131,0.7330191901539191,0.7464189486340612,1.3395266940986792,1.3657273391715827,1.0301806305144148,1.1417791968855837,1.0400308632196107,1.0386235142842661,0.9776583561489186,0.9495113774420278,1.0217117351373146,1.0350901701487203,1.0323353594667695,0.9800538436984412,1.0049070270247384,1.040161828637426,1.034641016233185,0.9626865589644023,0.9818504593605832,1.0516553295063478,0.9983194362635512,0.9863419985159381,0.9848115481370721,0.8893247527602687,1.0580070010391518
11.05,2.34750983939577,0.7353814606760972,0.7723276933212727,0.7411740653964312,0.7549351771178335,1.3374448005298323,1.3524408838159752,1.0167873147510997,1.1324395207828437,1.0302015176731938,1.0384934696078851,0.9588672077669084,0.9597493303131521,1.0050850829928495,1.0389933390507566,1.028907737938703,0.9615135754056395,0.9573970035231689,1.0393601475842724,1.031024832049688,0.9791560263305137,0.9506340640019671,1.0337169393759793,0.9879772517929507,0.972099045960564,0.9670676803264542,0.8556588698564234,1.0716155376590437
11.150000000000002,2.324587448824223,0.7409636098196074,0.7833002619484408,0.74634954817024,0.7585509366589386,1.337243299335317,1.3404199921962798,1.013391276307189,1.1003197699595386,1.0143469095314777,1.0206714162273949,0.9466544725669299,0.9613827758313941,0.9882461041662335,1.018534368302747,1.0090909267978845,0.9460768920467548,0.9648482589524444,1.0416285461824153,1.024887754024673,0.9662922102528821,0.9810205135173462,1.0327023017797095,0.9726455959748078,0.97004648363402,0.8920410256037093,0.9992142999028618,0.9562166389564942
11.25,2.2826756093541865,0.7524870816361854,0.7871952149537559,0.7556217352786795,0.7697489525996032,1.3330079154823358,1.3189658018802128,0.9913866879017459,1.0933274754331683,1.01239383885366,1.0115144337593855,0.9497575018163141,0.9517432552549983,0.9875469914979412,1.0245069348296327,1.0056990129746681,0.970182394328493,0.9542963668190205,1.032190625804864,1.0192588721702533,0.9460696740016152,0.9903236077780027,1.0279497670902142,0.9786927662085675,0.9602536271350727,0.9077730005412818,0.9134465817946538,1.0716764589723466
11.350000000000001,2.2422935816067313,0.7561334534924143,0.7903023635376292,0.759491817000121,0.7772869630554796,1.3475259385694756,1.3255084516724769,0.9883517836335921,1.106309040982709,0.9998168670163422,1.0039137917933785,0.9283575804291465,0.9492602578630059,0.9680262171591859,1.006505723795177,0.9938526363885478,0.939784377426323,0.9553917099102714,1.0219086745442463,1.0177095588997256,0.9386695679631838,0.9765730897099157,1.0346332674063399,0.9395056750605382,0.9531620909839931,1.0219086745442245,0.8890605468534625,1.0219086745442245
11.45,2.2135918266799854,0.7611676454467462,0.7983572211727596,0.7686712859098741,0.7767089445811443,1.3316223267138345,1.3298422660200269,0.9770278742080474,1.0575477509657305,1.0053782798625968,0.9979020249486044,0.9448014451748543,0.9322040925725229,0.959932652626491,0.9986414347752629,0.9884540104968557,0.9201544509529016,0.9280962602021975,1.020070212041222,1.0183316446036899,0.932751803555233,0.968900728414097,1.0223385100504252,0.9374073469082685,0.9278224047108424,0.9432800257784253,0.8790761272496385,1.028479511977767
11.55,2.1637288674118658,0.7779451765518667,0.7983051608476405,0.7760746955094923,0.7838122969437751,1.330329178770757,1.3367883938811147,0.9520274123094762,0.9849764775369815,0.9963070173764008,0.9940193786914824,0.8924482210810905,0.9306652438173736,0.9493088874313794,0.9850841311221541,0.9910589050992351,0.9306652438173736,0.9484280853708573,1.0302121878035382,1.0095484083526343,0.9231294928552896,0.9325491815578946,1.0134117040569004,0.9274356362621947,0.958655175962257,0.9629015118218457,0.8181672473120081,0.9509400023582203
11.650000000000002,2.124775572763635,0.7807573848738879,0.8096312158921958,0.7824107192198744,0.7980578754702904,1.3071922673106946,1.326238678976458,0.9601229853734902,0.9517121562488899,1.0016031734733781,0.9868951111314823,0.9160794944241496,0.8832773409997793,0.9505035855422964,0.9798056134558922,0.9940904222052155,0.9343323056038395,0.9107888245169931,1.027084696420634,1.0034813612904188,0.9319515041456191,0.9697797939817882,1.0159155043944144,0.9271899012291782,0.9409456429877852,0.9758346717644567,0.8756058696344213,0.9640776275263307
11.75,2.0998056204317126,0.7866251997557517,0.8133843432166487,0.7904089270381235,0.7994846715161148,1.3224841989347833,1.289457850834357,0.938911784380534,0.9427332057769021,0.9805704786006193,0.9927928278976276,0.9099148976644984,0.9210970470213357,0.9568788742562134,0.9875658231982687,0.977787943760662,0.9023734480982594,0.9307188964679165,1.024491870367323,1.0011924424145078,0.947362095510651,0.9679060443290263,0.995334750832229,0.9569839449572318,0.9494424953909928,1.0633154943969276,0.8581649506410246,0.9188432804843016
11.850000000000001,2.0642714912871054,0.7862144649806773,0.817305092278775,0.792095093499232,0.8094173796788875,1.3011529796053969,1.2920763573267582,0.9615098803064847,0.9522271648544834,0.9861046987113744,0.9819371228482248,0.874935251760595,0.8956452913259393,0.9311382547561107,0.9868717372137945,0.9801985022427391,0.9178894078961238,0.9137985358832164,1.0304658668876912,1.013462405297694,0.9309290624372666,0.9547072560122916,1.0119742989505587,0.9411562424695353,0.9516391020026109,0.9545368030117809,0.790049657492773,0.8920373694812477
11.95,2.027378854922803,0.8013706105690163,0.8232188586892546,0.7992838388843445,0.8151609029671183,1.2899014612299664,1.3062436491219747,0.9579798161030637,0.9420391355779153,0.9795004585919026,0.9739943983636723,0.9071171371440833,0.9015859350883266,0.9460437969744799,0.972586456022207,0.9759806027382394,0.9191852143566431,0.9083742285203915,1.02731031019037,1.0090421059351478,0.9287391088165863,0.9262249260639697,1.0154758742033059,0.9395500946528379,0.9503610804890894,1.0783050472333335,0.8221377601056203,0.8939316453747842
12.05,1.995931823250913,0.8076712356009276,0.8300732359209827,0.8136302665911409,0.8205783483681117,1.289227700538239,1.2915766961567878,0.9520862624038245,0.9427384836674851,0.969418128640266,0.9927597272077406,0.9148719777505725,0.871353743133248,0.946591535810728,0.9678356473814541,0.9676378372241027,0.9007780040392799,0.9032506310061733,1.0310105171046662,0.9998067140633871,0.9386091966327494,0.9467688656234978,1.0247165575525738,0.9262460617982823,0.9574011615811396,0.9011351612678514,0.8209121530086196,1.1429031313641043
12.150000000000002,1.9667566243996422,0.8089262968751306,0.8378682037400728,0.8168670805653858,0.8281519921496993,1.2977648321960487,1.2925358322162481,0.9540191929319738,0.9373772894021823,0.9711833822948458,0.9812522473722289,0.8782287873050846,0.912764508101906,0.9568689180795277,0.9816900241147238,0.9798902752844669,0.9064410662658683,0.9190879499379437,1.0386265498990057,1.0055974984409743,0.9482730661042716,0.9280866940892282,1.0034963174765736,0.9592174846666446,0.9455977637890249,0.8701488338479181,0.8974423221146149,1.0268837169633815
12.25,1.9254598414975368,0.8203926313937716,0.8444736236362317,0.8229885456096752,0.832379295192552,1.2733138670081348,1.2654184597155251,0.9582757574733958,0.9547700709663265,0.981183797181603,0.9781691871244247,0.8632311973253194,0.9106036410809772,0.9492855783706998,0.9697234938689966,0.9703216307851034,0.9051007814527947,0.9201738317386858,1.0288438299999345,1.0148230173434498,0.9084503481829928,0.9464918560473846,1.0082534197969857,0.9295047676299518,0.9218486151037849,0.9995532464717882,0.8038960152475417,0.9251184302451657
12.350000000000001,1.8904538504054493,0.8294410035731506,0.8551697757636789,0.8314654083383707,0.840940093431406,1.2583087991259254,1.2776112631663943,0.9568011246470685,0.9481040782414516,0.9792469561994287,0.9822835633472586,0.9076866017078979,0.8740249875885439,0.9536149578801025,0.975127527898109,0.9711493371385488,0.8930920557260801,0.8973291819788659,1.0348384330738,1.0097071860389013,0.9505286560416213,0.9281660452630295,1.001740342479647,0.938288069089129,0.9128653115724139,1.0462040130335617,0.8285935783225983,0.9363525916650377
12.45,1.8569946873413288,0.8378855125476656,0.8547365695473595,0.8415452610094548,0.8474170726237812,1.2658560344100054,1.281838480224148,0.9723297952629906,0.9596416377970002,0.980627284039918,0.9866264919614585,0.9026607440248473,0.9059035591175719,0.9596954507458816,0.9686288681968369,0.9797702543368407,0.9003444475300441,0.922812523529636,1.030822130990347,1.0132407386867481,0.9316144502098886,0.8936271876951144,1.0174390845759278,0.933235857756251,0.9253604496739197,0.9574025511853483,0.7527963608110576,0.8698980169372251
12.55,1.8321699057601049,0.844064613483706,0.8640902903483877,0.8489314114468358,0.8568755758035137,1.2766511471901156,1.236873337140178,0.975731225536822,0.94915097699672,0.979263577040254,0.9839822055103611,0.9248055895277741,0.8990468930484449,0.9546858616482847,0.9769384557651287,0.9777134961901705,0.9501083798747257,0.9067972972988625,1.024407264114905,1.0194744979159496,0.9530717697351796,0.9583146902575209,1.0160720105835588,0.9307323692486817,0.934151665241513,0.9371403832204372,0.8183515076176048,0.9472716306066041
12.650000000000002,1.7841281717785868,0.8472632389236775,0.8691274453249466,0.847016439261888,0.8632939987735562,1.268325898269637,1.2491428336487183,0.9795838917533211,0.9647174416026345,0.9787401496588615,0.9841697422182325,0.921011465133002,0.8651449962369928,0.9668473068198266,0.9841473058853425,0.9854037405271805,0.9373899881426754,0.9178703785284071,1.0429042090205518,1.0073913467593443,0.9389605314449728,0.9189921951729053,1.018065602103986,0.9427747080362666,0.9504030612188542,0.9871986471583779,0.8929660490205624,0.9572835366384271
12.75,1.7639873102286925,0.8572261261503642,0.8779204948675088,0.8606715066411588,0.8772247930376368,1.2488399990511678,1.2260916535029724,0.9864532151123766,0.9704930097852371,0.9852463057329987,0.9946769305379302,0.9110381105466562,0.9013203707008252,0.9805636758118731,0.9892659163055925,0.9865272805308583,0.9435041959406825,0.9437250536644514,1.040351423256379,1.021047342755935,0.9538845089578202,0.9209767081162561,1.021701215471451,0.9644856796987267,0.9569765170905845,0.8588911479901136,0.7663763014780357,0.91778654099515
12.850000000000001,1.721987035206689,0.8614177317317894,0.8850092819035315,0.8649292850522837,0.8748877458621066,1.2455686189753428,1.2217596351614648,0.994616153309616,0.977146787758607,0.9930411869987392,0.9984987714163496,0.9043065176430918,0.9203966071611462,0.9868412533786968,0.9871922220252842,0.9851483457892071,0.9536639544079347,0.9456189096489074,1.0411337749301999,1.0271565254498576,0.9556208571871575,0.9577951936085163,1.0196539666464741,0.9812780269591904,0.9517070516287118,0.9325487318271812,0.8284221765376993,0.8842301446858765
12.95,1.6884595777363114,0.8648750279877715,0.8831367834923403,0.8732780045827812,0.8783411993973539,1.2400010302750555,1.2629085078716424,0.9931979902351054,0.9933709911043269,1.0041824641756132,1.0081431028254904,0.9210090525281922,0.9165131924391424,0.9980852647907824,0.98823286528827,0.991808144501943,0.9651112991160136,0.9396347586113982,1.0458767549148806,1.0252701888790132,0.9663958305700278,0.9417756443680886,1.0268034090825482,0.9606154390269638,0.9550491360595689,0.8325666831573487,0.8734813887296532,0.8325666831573487
13.05,1.661410796410817,0.874471282619905,0.8921801720086565,0.88311490720251,0.8860769297728904,1.2382519264860992,1.2409925879391202,1.010531069088281,0.9995403139279628,1.0010371367215358,0.9987602795144107,0.9602856091162307,0.9111645230736223,0.9996706390879644,0.9994981499056087,0.9972212926984835,0.938571137603833,0.9583882281102931,1.037533079363578,1.034220222314268,0.9333006348095617,0.9356196560390411,1.0290576849711741,0.9820000806286285,0.9569124873278971,0.9557178400278845,0.8517132515542368,0.9041840349283418
13.150000000000002,1.6222158154773678,0.880333939920477,0.8973073596347457,0.8809568177081566,0.8917741286208587,1.2334018325702176,1.2366200344732288,1.0217712395875589,1.0144395276078912,1.004577295969631,1.0167649380152284,0.9357700630239829,0.9374310704577952,1.0248331977357483,1.008065411580637,1.010266246430438,0.9912061861274671,0.9611004263896199,1.0494546968177638,1.0332711993887373,0.9473971150606687,0.9681597079833221,1.0314185049859637,0.9845621563922181,0.9637995634695649,0.9689210030571502,0.8699526434591569,0.9135540885967417
13.25,1.5950576578286861,0.8866875503790911,0.9028842508703555,0.8891824966668869,0.8992645337151108,1.2104579571691356,1.2178200937560741,1.025121745969157,1.0201262760173486,1.0082446055812064,1.009185323033982,0.9245616530430245,0.9470570703920033,1.028798682872847,1.0127436890510022,1.0072629873696146,0.9529876804203704,0.9664849308297576,1.0412341661089215,1.0415787240165106,0.9707795105054717,0.959736305625064,1.027559265939019,0.9519651614499622,0.9540101993907785,0.9679846253196798,0.8425556316162889,0.8907276364444001
13.350000000000001,1.5682548070253155,0.8961471731094806,0.907509040852936,0.8989372771564107,0.9090400726765223,1.1920895810620227,1.2215015081993366,1.0366005204296544,1.0253279832245665,1.0148323571707716,1.013079728635877,0.9564919866299085,0.915395869259963,1.034199380674429,1.0161619374386228,1.0141877121924197,0.9339294123875854,0.9732124657559157,1.0480364572299659,1.0341717065213343,0.9645500488593096,0.9518586008480029,1.0411179189521973,0.9502469884021226,0.9716008533100355,0.8326664303714598,0.8884013607914689,1.0296412848679342
13.45,1.537681538243872,0.9036804432901027,0.9146060595251674,0.9072131584396785,0.9134351033800832,1.2210690987508415,1.2212675658940761,1.0507131223446307,1.034172589966852,1.018473838936995,1.0240706123762107,0.984793964730057,0.9625656446877824,1.0344348071621563,1.0217287000860424,1.019505868081815,1.0006713361888244,0.9728859361359813,1.0509135942064838,1.043321925269967,0.9800307532924267,0.9677257904118819,1.0452201933298548,0.9699089289874624,0.9818169575815381,0.9923357161729963,0.8831787873939734,0.9394111446437698
13.55,1.5061464676958252,0.9095159156173218,0.9169565383924158,0.9115398432315721,0.9173476355159423,1.2122055343707452,1.2015481377546449,1.0564362906412847,1.038401972675518,1.0255739870238452,1.0198053044518276,0.9791116487488822,0.9527125929108357,1.056475795401237,1.0257499807294321,1.0292111902726426,0.9881068825899944,0.9603389868196046,1.051300671847501,1.0444444232340044,0.9609256325048946,0.9591656954490249,1.0409899294999811,0.9644455066166341,1.0045329617781122,0.9082144313006933,0.8173929881705976,0.9864338560060162
13.650000000000002,1.469905783437053,0.909746390187054,0.9193810846523072,0.9138025965569256,0.9233794828553872,1.206649134828277,1.2072272164961924,1.065188463243275,1.0484667210977676,1.0319528547843237,1.0202370663145761,0.9788849576696977,0.9688648754258348,1.0698987583151764,1.0350937651799963,1.034361528400637,0.9835096110130191,0.9746456921049865,1.0577142760217457,1.0481969496527404,0.9648183037504285,0.9571105481782262,1.0431551821631417,0.9819680598985787,0.976187243219427,0.9891619650992981,0.8863918908032763,0.9206485822352775
13.75,1.4417419195895445,0.9147639294144908,0.9228062483463483,0.9262909367146973,0.9245058647439899,1.1919153429941882,1.1997012952068484,1.0646364121879135,1.0487297827906137,1.0299865270981856,1.0252389952611978,0.9800804724277871,0.9498861699445439,1.0497895853522419,1.0329489869644661,1.038456123895372,0.9882462271874063,0.9945129692122303,1.0612603895482775,1.0535532751369934,0.9629893578146306,1.005717144347522,1.0488688519050684,0.9692560998394546,1.0133131952867025,0.8904259712039414,0.9172231509060834,0.9030860561025756
13.850000000000001,1.4172450079724326,0.9245022056127393,0.9281800750584798,0.926027632380311,0.9322977914862808,1.1830947972786516,1.1966645445975412,1.0645563664674849,1.0584402908733936,1.0289424677360557,1.0347447045206843,0.979080665173964,0.9987334026702871,1.060548304563473,1.0337901429851486,1.0357554167347809,0.9923696591000492,0.9996692473129691,1.0435329474237993,1.0424934981620917,0.9843213951729834,0.9817010301734738,1.0586577093257314,0.9901236319576122,1.011460889810763,0.9608004998202644,0.8066980819919259,1.098057714080302
13.95,1.3818870846496527,0.9257504511020638,0.9320601846335651,0.9272725359451891,0.9320601846335651,1.1927610316127577,1.189624614360257,1.0743952907971877,1.0608839109017163,1.03003632474771,1.0325270090364604,0.9931372982477146,0.97173586287771,1.079799693668401,1.0305344616054601,1.0365305534117113,1.01896661679772,0.9859419880802129,1.0483796135274854,1.039925263849712,0.9870489588752133,0.9735808142027104,1.0451369718047574,0.9936907836452147,0.9966427057652153,0.9675744726668621,0.8818867333501942,0.9880739318335329
14.05,1.354508372902898,0.9308982223198248,0.9386553285928557,0.9340810912477977,0.9387735494387519,1.171022948157331,1.1762974166665432,1.0777111518196019,1.050455873165707,1.036105681256161,1.0286668618759274,1.0132435884421047,1.013607344891016,1.0805403686444666,1.0336503252260105,1.038124529547618,0.9963289135677347,1.0237925254605291,1.0497129281761346,1.0492918525291912,0.9737760137352411,0.9957832788943678,1.0536811803460748,1.0154261271355718,0.9846887072025767,1.0023511036663582,0.9203038157452755,0.9902258887026522
14.150000000000002,1.3231402613042864,0.9383727439350237,0.9392693269448698,0.9412597412267282,0.9458502462371402,1.1688752699363358,1.1604473896437826,1.0680386617895594,1.0667723967750833,1.037669312275479,1.0335808937505808,0.9923380752976424,0.9880344768503813,1.0772037325568746,1.0246329953123168,1.0389424601494603,1.0065040868532105,1.0084765694748719,1.0570623122144742,1.0306759647986794,0.9950278243271806,0.9989727895705034,1.0527514686519819,0.9885724266562889,1.0145733339418253,0.8925981964689734,0.8732718515900876,0.9762792773879397
14.25,1.292214072270224,0.9395084882072525,0.9419042463447478,0.9453343354862538,0.9491887655524822,1.1715345696710862,1.1885966110192994,1.0809977900503693,1.0592787142101494,1.0328458107743166,1.041474076243672,0.9848245627932313,0.9936649987249478,1.0785689026024634,1.033588407392581,1.0368063260717257,0.9970243643790002,1.0101082095579408,1.0586377379564116,1.0313606175377883,1.0044503305616421,0.9747464658310743,1.0469933657796862,0.979343492515567,0.9888911633218209,1.072639559714919,0.8981882906624044,0.9508379979890491
14.350000000000001,1.262351357623572,0.9491956122859783,0.9456126564562769,0.9514709200026499,0.9500063541160566,1.1742680055006574,1.1486381024852754,1.0729935210026764,1.0677731431755089,1.0346809282617713,1.0379238955820849,1.025719179860485,1.005842928542434,1.0658080606644122,1.0304964543000763,1.036180364764712,1.0060172816241713,1.015432348037985,1.051824591280633,1.0376972365758264,0.9732389022575604,0.9913716227582386,1.0490419865417955,1.0131657579754,1.0239756490431122,1.0073733611487958,0.8839701244080698,0.9725027448013376
14.45,1.2420625677325985,0.9455348295336691,0.9511317450723302,0.9553530746107061,0.958895208561441,1.1505057409887198,1.1531709388642728,1.0662180983020166,1.0539567985936633,1.039220833565606,1.0313627985389757,1.0007388152076444,0.9990193327072876,1.0713591772929822,1.0229545291122313,1.042917720941373,1.031345603713995,1.01483857171057,1.0423537654182777,1.0313799933639793,1.0045216767084293,1.0163861059608912,1.038567430215472,0.9962681607067168,1.0117435032099278,0.9323416224156859,0.9663491652005268,1.0164052113220183
14.55,1.212827369327819,0.9562491812196031,0.9578687927617947,0.9591407389991179,0.9614048033015533,1.1699361490899176,1.1412749605422339,1.0783705810033315,1.0567498932513024,1.030496922912951,1.0281226232699476,1.0231535533028155,1.008568569781509,1.081454087033206,1.0142329703583781,1.0335495938825268,1.0048375274853607,1.0263758171040342,1.0429445228378844,1.0287840353133557,0.9990713712094954,0.9900829511324112,1.0342421835980165,1.001784856515785,1.0170482113636639,0.923338750056867,0.8683152980126458,0.9723322347537621
14.650000000000002,1.1798081824024254,0.9574584563115168,0.9582948837215907,0.9640244114805964,0.9625857563352694,1.120561801275901,1.1410542728227098,1.0718099115350368,1.048361387238341,1.0310138827534097,1.0248243199188634,1.0008690388943369,1.01642658872171,1.0578863522239084,1.0180158008008624,1.0303781979217537,1.0246235773404335,1.0150883048655919,1.0316276008046203,1.024389377665625,0.9995307550382189,1.014419162937533,1.0293295376173466,0.9976906147360565,1.014419162937533,0.9405161544385623,0.8732302161170908,1.0297350781797698
14.75,1.1575543215790611,0.968102085258779,0.9621776912759633,0.9747360863203164,0.9693232695337884,1.1516262788044485,1.157484662826453,1.0641272419881396,1.03955786783703,1.0364058922082895,1.0252337063409742,1.0200189194368843,1.0208440439470257,1.0573262157227308,1.0219002033200026,1.0193918248091725,1.006486877470564,1.024474591791648,1.021620827829335,1.032494802030219,0.999720856487404,0.9993908066833475,1.044457607200928,1.0030213545279698,0.9787626939298107,1.0121527324402377,0.8531787434862798,0.9278066714035512
14.850000000000001,1.1290984858309001,0.970924598400189,0.9705094333179946,0.9730899692210461,0.9716165402038462,1.1470767006277454,1.1549729776812472,1.061618804356471,1.0351937812222454,1.013816849735137,1.0218759366247931,0.9957449579219774,1.0131656103905273,1.067703616414777,1.017056765474615,1.0314979979415344,1.0159333776051567,0.9975358661196787,1.0357665758276675,1.0161938733429952,0.9937912398881212,0.9983499153004521,1.021557717399623,1.0032342103850922,1.0103978431758978,1.052836940466885,0.8840574103198826,1.0166569768769578
14.95,1.1057215069987119,0.9727338288052128,0.9729587235042132,0.9784927394903313,0.9757136835669686,1.1137909967996686,1.1363607862350698,1.0482754065097313,1.0339212508404054,1.0229656662176694,1.0110944388918601,1.0052793045319575,1.0092952812998224,1.0560639675140757,1.0085402776674979,1.018451708330589,1.0232708804519923,1.0364432842505895,1.0260780076473495,1.0141465812354375,1.0104197547948246,0.9786132187933341,1.026532340372603,1.0197368208962712,0.9940345695819355,1.0566481095893636,0.897972405294626,0.995962238430515
15.05,1.0780928048286094,0.9792836282281837,0.9716909306250548,0.981304648988933,0.9808211891206753,1.1325641831807303,1.119169967158509,1.0403153330079467,1.0314814428567918,1.017928715402355,1.015899769069995,0.987050688406775,0.9918060313732441,1.0562625437641864,1.0129039030011195,1.00976537664325,1.0009996944417512,1.0117784718324145,1.0169068770585266,1.0175799902514808,0.9829293911691684,1.0130465632901395,1.0151456389227973,1.0011582058739668,0.9935496571276161,0.9898158322798417,0.9336323357500774,0.9792484034654662
15.150000000000002,1.055119437064094,0.9815326992347695,0.9815092353669046,0.992122724931123,0.9784432899658924,1.1286902571940691,1.1214164581559534,1.0457458793063232,1.0135139511346138,1.0155005586138413,1.008899390454519,0.9878288371118491,1.0137955175489934,1.0350014819001783,1.0114804159196569,1.0140770839633713,1.0125441112628661,1.0266224319817998,1.0242570844940333,1.0109172830908995,1.0019071578307828,0.9862645792541898,1.0149663408546021,0.9878288371118491,0.9707784264633627,0.9559353574584816,0.9057052995847364,1.0046011574745497
15.25,1.0313118512296706,0.9868344427256368,0.9771084376113233,0.9920293645049487,0.9856920230772889,1.1133960140385775,1.1093049166492233,1.0369727242129492,1.0146075906631766,1.010979636374504,1.0085558541476038,0.980473944142957,1.0192235835666512,1.0428048965919026,0.9984284583460329,1.008633044664384,1.005020528479082,0.9891192820223469,1.0162950221421143,1.0153794958309794,0.9881929958209837,1.0064099577811267,1.0248093700536347,0.9986909061031001,1.0220024421707408,1.0566524074809882,0.816675667535209,0.8748258568430259
15.350000000000001,1.0069534258079844,0.9877933929633569,0.9783536927359666,0.9942769965900793,0.9956560004166796,1.1291070005643333,1.107545780513071,1.0221820652064422,1.015967736337763,1.0080898912730967,1.0086689205041552,0.969112081456027,1.0276245090156362,1.0365885341131644,1.0046157158867448,0.9988711364101893,0.995320772967102,0.9892257284296427,1.0119928745907905,1.004905230502274,0.9863305822743496,1.0204628316841216,1.0078679454593786,1.0056823486807829,0.986178206160913,0.9684348542852039,0.8456874295724808,1.0327714355139412
15.45,0.9855029318163282,0.9961729338972591,0.9830195796164798,1.0011214228147851,0.9965038358917442,1.1037085616050355,1.1100257814997496,1.0060149892938441,1.0092510831792918,0.9974739803755752,1.0023923872936025,0.9707461238210547,1.0106047731567505,1.0246111344384567,1.0072506302126325,1.0036257492730465,1.007145343214407,0.9942100834299925,1.012821421503637,1.0019561983008722,0.979620313673153,0.9742055537633981,1.0084458579401987,0.9918035234701015,1.0041371432645432,0.9291995400690334,0.9656321839062733,1.0796095375622223
15.55,0.9574308340112171,0.9958370036874808,0.9895562281677127,1.0066538948604147,1.0030680620282066,1.0980221032786257,1.0999523652586964,1.0186743876176765,0.9981830144017204,0.9954657994605441,0.9918131498674876,0.9991332972227008,0.9964606267887569,1.0175045318721792,0.9989254228555937,0.9931791814226144,0.972703556264811,1.0172480634972096,1.0098854713758632,1.0003805434251853,0.9829487929282628,0.9885910971776999,1.0010365625317168,0.9988363338411516,1.0019544493474195,1.0327726491659635,0.89237496155569,1.052570207935918
15.650000000000002,0.9413449996506239,1.0022374025821006,0.9889343392086435,1.0066570980169185,0.9971433920892341,1.0899716552434164,1.091217672198506,1.0002488098658737,0.9928116507924225,1.0022520616051016,0.9927383556774172,0.9732125370400164,0.999159007751883,1.0152928173093798,0.9922692669413834,0.9890882589501546,0.9884579209611132,1.0059021583323682,1.007652356836103,0.9932807395284562,1.006928289942442,0.9751182100301535,1.0039505833509885,0.9746784393401219,0.9864056577409656,0.9707530787364981,0.9279161559667553,1.013101367406211
15.75,0.9122794313775837,1.0093796751474735,1.000681120734459,1.0177236295885765,1.0067165569910765,1.0949178724535327,1.099332280267126,1.0028797721373321,0.9923733499639593,0.9954996191040777,0.9907812684574175,1.0059060427696038,0.994906206906224,1.0107159125184746,0.9894352359109777,0.9902312766642486,0.9797090652528703,0.9836169016780183,1.0071194749554877,0.9927207132017503,0.992156247940379,0.9795643305704573,1.008669159433848,0.9749328207332448,0.9795643305704573,0.9874121666834816,0.8872236031910041,0.9037876835115907
15.850000000000001,0.8890480664113509,1.012739648061222,0.9993628841335964,1.0206428002535053,1.0129611649852373,1.0841467003736167,1.086933526191872,0.9956640784082302,0.9858932260120289,0.990823763998173,0.9891802513361249,0.9879654811076736,1.0091167744975096,1.0051916880432912,0.9821917496688076,0.9846069987112956,0.9816772587485332,1.0274097849968271,1.009406933518197,0.9861933457155333,0.9853930265062071,0.9828205719047405,1.0064620359946328,0.973245324221504,0.983820970916422,0.9749920526545819,0.8874968375059538,1.0385094502216556
15.95,0.8696376510345585,1.016557232105375,1.002804333732637,1.0205229216310183,1.0167477545558954,1.0746171848046409,1.089929544716822,0.9864686551440301,0.9846200242885398,0.9921280201164481,0.990321585030034,1.014708458696614,0.9444268436158193,0.9959627031834222,0.9850998586083685,0.9874708046592869,0.9972086187969783,0.9795676511562166,0.9992699391370842,0.9890514353598991,0.9578339790227982,0.983095844684369,1.0006384505661858,0.9935392975276999,0.9821079504964864,1.0035750480077927,0.8552341112241542,1.0568899724332066
16.05,0.8509206011828547,1.0248843301031711,1.005323101600906,1.0231491160322541,1.0169190703318534,1.0600833914373313,1.07269679492472,0.9865189307162717,0.9789534227079348,0.9961801262553516,0.9844865952874854,0.9877479614930801,0.9728348767068857,0.9953882249816376,0.9823262886128498,0.9810579795329024,0.9845423451371691,1.0061454118835254,0.9887151369153147,0.9827304750229429,0.9917898255940113,0.9779917378011772,1.0016108092122593,0.9998735537958736,0.9711623812168452,0.9074836640404792,0.7665604329351903,0.8919975946882526
16.15,0.8289536015635216,1.0229066643556097,1.0092307422584856,1.0260176441180155,1.0259625825293004,1.057388984288468,1.073563325973542,0.9831552562804428,0.9789124549722088,0.9905166847939256,0.9802339331013723,0.9722500027376749,0.9946876001390966,0.9848515981550003,0.9820234347346145,0.987020273910514,0.9935863683647936,1.0015702987284898,1.0050964651169327,0.9892915644450136,0.977205545722038,0.9951005620544602,0.9967538001600925,0.9966147557441266,0.9973030256030659,0.9605188253642113,0.8135349732662582,0.9544008710625284
16.25,0.8076661867365349,1.0299007877003927,1.0169773156556492,1.032640482194886,1.0299687701940528,1.0700444502065842,1.0836409489385612,0.9782612168471686,0.9721904488325184,0.9871465974376926,0.9842913327039775,0.9880575628527635,0.9619522852873678,0.9904568641946385,0.9733733442222003,0.9831492268104914,0.977044398879862,0.9751408890573854,0.9926268104569136,0.9837338762559664,0.975956678981304,0.9590970205536525,0.9930937609184158,0.992408442446996,0.9725575542983097,0.8278757005692303,0.8361846720165763,0.9336262462623802
16.35,0.7931193550122083,1.0329543555464424,1.0168106663595118,1.0365336343886362,1.027857408752399,1.0471908867761548,1.05612229551934,0.9799791022597999,0.9706359546917356,0.9862692776647698,0.9766663344296157,0.9725162512692236,0.9807089720712431,0.9908050522515397,0.9809507244883767,0.9838786148733608,1.0079732724451764,0.97453085474513,0.9940338443543393,0.9707971229698081,0.9911849101459563,0.9659352132479293,1.007084676299269,0.9923936722315002,0.9752023892370988,0.9311944955300888,0.8219582181698394,0.9670096684350923
16.450000000000003,0.7640974411202534,1.0310614353017695,1.0239233074666836,1.0399376574610117,1.0319570182550561,1.0593751245211895,1.062227722076103,0.9822263321569275,0.9633420961376842,0.9811210762473774,0.9792237671759698,0.9798340903737222,0.9924385911977578,0.997022046042877,0.9785736402913616,0.9765569201595159,0.9950921703186074,0.9685563791101113,0.9895169737818881,0.9805240209451862,0.9920405543296303,0.9579420626267128,0.9926262180042978,0.9976130704834146,0.9750576479561929,1.0024632234321222,0.8345506335072133,0.9493916410151276
16.55,0.7478632773292117,1.0375147420235813,1.0259468937356782,1.045504094467181,1.0429349179635787,1.051330619752105,1.05539411320168,0.9740997493816487,0.9664953629597189,0.982028394371804,0.9811370474215746,0.9581979714965262,0.9728789800885387,0.9911004844394988,0.9804423211221311,0.9864195889060221,0.9744519452948257,0.9925410451671267,0.9871018691844593,0.9771915263624712,0.9752384278979692,0.9693398083743928,0.986519289478427,1.0036828820449932,0.9837586560986907,0.9175630370007859,0.9096982109693443,0.8855211531690125
16.65,0.7236585265524352,1.0442312358708012,1.028709387203558,1.0473589175171418,1.0391608948167956,1.0467048888499173,1.0694340039195982,0.970884919860371,0.9660068170554911,0.9807839796164627,0.9786859074561846,0.9700345975607375,0.9805249583621287,0.9897751567941638,0.9737645036234333,0.9817423582575774,0.9791003414631744,0.978452788327286,0.9896966655049653,0.9776757245641987,0.9908858085363422,0.9740494270032453,0.9938828675955566,1.0033188287453985,0.9912743404178752,0.9698906968638756,0.884557583623468,0.955500627177468
16.75,0.707526280197797,1.0454223436579253,1.0350056790795004,1.0541626162710263,1.046606055541837,1.0593901438881206,1.0447377102980753,0.9780698160860509,0.9589345948209665,0.9828903639742974,0.9835558020063343,0.9838245365962276,0.9687242120230806,0.9770098720567768,0.9779635631601775,0.9806509090587884,1.0021240824772448,1.0054512726374298,0.9937363058845904,0.9785266261103627,0.9954697021568749,0.9568231087578036,0.9969678425592067,0.9947018890429862,0.9812651595499315,0.9668757730451927,0.8522725564165994,1.046500836707738
16.85,0.6919218713850969,1.0504001768163693,1.0361803743853961,1.0544593645267673,1.0488321416883652,1.0395187717546963,1.0477383107321376,0.9674148299509449,0.9621160054763608,0.9798955005567951,0.9755834039547836,0.987103403967783,0.97344632382065,0.9810565822864648,0.9800851822255052,0.9836132612635146,0.9781251383155011,0.9766076849658196,0.9867789652886304,0.9762156761838175,1.001898574127177,0.9809071361232504,0.9959245595510202,0.9796425916651825,0.9830568617019658,0.8964215158303207,0.8548320536538693,1.0369264556156375
16.950000000000003,0.6693320339821823,1.0529512059625559,1.0402545827701426,1.060218023271993,1.0517015383255073,1.0352871539128747,1.0385987731510533,0.9801433604196486,0.9677926048358821,0.9808266382902986,0.9860252556604205,0.9997341096388433,0.9761153912986257,0.9894338188122519,0.9753780873927669,0.9770776353791529,0.9844881644668511,0.9947354390906491,0.9953918301727257,0.9697545830260483,0.9796144606823617,0.9742408898430529,0.9895852936773486,0.9859877656313093,0.9993592093477288,0.9080918162552585,0.8847646870303526,0.9525244433503169
17.05,0.6566627723170871,1.0585382043609044,1.0414821388801745,1.065584174930605,1.0544995849458438,1.0341706321715614,1.0160153705809218,0.9818786633359714,0.9669344116957527,0.983780518368972,0.977382949998937,0.9695156699763249,0.9598822658670061,0.989937688270729,0.9807546414371987,0.9843609927191488,0.9911290766318481,0.9855713434918564,0.9925824456796588,0.9757403310931173,0.9911290766318481,0.974085361669207,1.0084759406748312,0.993228664706956,0.9806311362563083,0.9249165768776232,0.839835230043157,0.9688295300824955
17.15,0.6443959807353932,1.0632645016505513,1.0479997618948123,1.0654312280053244,1.0563920118604824,1.0392352012034094,1.0289813976089903,0.9811642222490398,0.9697656818512046,0.9869163890537742,0.9808861759875326,1.0025534395352795,0.9786278978149684,0.9811888826713447,0.9761376883705934,0.9836693512488749,0.9838768687025876,1.0065817195188012,0.9962070798550898,0.9757226534632003,0.9941306722970067,0.9763085850971831,0.9975880635041698,0.9976706759188894,0.9853416977875046,0.9385756729283098,0.9081940326485107,0.95485155164961
17.25,0.6269906068812408,1.0702657628514072,1.0476243073795697,1.0684196969376363,1.0618257425462911,1.0323490168773641,1.016542831602594,0.9780115225223569,0.9696310389703197,0.9793198685700455,0.9828672109141543,0.9907220403903737,0.9898774350703479,0.9955130122706572,0.9821915266581336,0.9911322772601222,0.97298532866983,0.9823966450929756,1.002240604430171,0.9791268159254681,0.9556105906578687,0.9797421712300372,0.9974142883157372,0.9954276986019466,0.9965136197276941,0.9411316423145863,0.8506382151689413,0.9545380759657912
17.35,0.609487030932019,1.0666171081251494,1.0524834892012296,1.072795348296112,1.0596755332612495,1.029786209190904,1.0226299464446156,0.9863835961104642,0.9707112602203062,0.9823282600784479,0.9784280968817206,1.0017575134346075,0.9946012506883192,0.9989853651889451,0.9783207529405262,0.9888166049684161,0.9950783348714051,0.9835090434315721,0.9853715993584637,0.9788574726464979,0.9768298648683696,0.990546035132089,0.9974914652217064,0.9924543718644326,0.9951976059171765,0.9011590124956008,0.8599442400123403,1.0204300582670773
17.450000000000003,0.592318651047855,1.0747605599824124,1.0533013107114875,1.0753147274086396,1.0649152450696528,1.0039273511939304,1.0291007013002085,0.9881640093288326,0.9741084273443623,0.9866066714252307,0.978529975957877,1.0029251335082003,1.0011565140627943,1.0014554524337016,0.9825978006823106,0.9889884122783773,1.0213187757404223,0.983824043497816,0.9937378403082938,0.9817842357374239,0.9721511551581368,0.9953790238744683,1.002574982587696,0.9824091479414914,1.0015102379518757,0.8882399881371834,0.8760561652910409,0.9092014037864385
17.55,0.5802221822554756,1.0741402029449387,1.0542711678605665,1.0782434005686987,1.0665166482689754,0.9989887396484034,1.026615382740197,0.9846591037780149,0.978029792695218,0.9813403271416606,0.984953938685313,0.9987556034197806,0.9909455397609191,0.9891805336664558,0.9789157103639843,0.9909805101952106,0.990595835417985,0.973343754499903,1.0032393547258267,0.9798832257127686,0.9853502702739736,0.9822029311875667,1.010492481838534,0.9898964267321169,0.9932769020471465,0.9921241729167615,0.8579413213316535,1.002485783077772
17.65,0.5690907796117285,1.0787030215950462,1.0618879044051324,1.0851109757811956,1.0688836385615943,1.007754521649118,0.9984191927088641,0.9924389476950298,0.9751845962353438,0.9919190377430579,0.985672434921308,1.0000327063528587,1.004757996310271,0.9913213624870683,0.9803478398961262,0.9825145582180616,0.9994564514800035,0.9916193852091731,0.9888300787943206,0.9813159480825229,1.0130560664793855,1.0022224748697082,0.9974680811308568,0.9921956400820283,0.9987649456325772,0.8810296722763529,0.8701448580113177,0.9399357259459927
17.75,0.5503160188685159,1.079317477900041,1.0597170401378626,1.0864511255972058,1.0719616159375491,0.9873150742529998,1.0050352374624114,0.9977483822090781,0.9784151080365483,0.9858336458174658,0.9907223596546603,0.985035953582979,0.9856057337504842,0.9923153268744832,0.9921468100734232,0.9936852165256872,1.0039526551441516,1.0104481490537107,1.0009253382945615,0.986084349091168,0.9947222164305674,1.0034968310101473,1.0008332526109243,1.0130691378242345,0.9988246336366047,0.9546983251086847,0.861507613267867,0.9395041873085466
17.85,0.5307642769475558,1.0752755717686484,1.0546658885539262,1.0761094244520215,1.0717316978643125,0.9819178760693517,0.9800022685534945,0.987829739074357,0.9829883626223531,0.9824925583241312,0.9719905218254319,0.982030558864402,0.9766217847019819,0.9952963970090113,0.9815347545662026,0.9853208964798968,0.9908198168783348,0.9748188599811752,0.9905386789957712,0.9792698303856892,0.9881154297971246,0.9969046878110573,0.9932020905151449,1.0020880963833767,0.989016892157528,0.9665679753213944,0.9104769840074104,0.981592347994784
17.950000000000003,0.504635831620654,1.0572217824411256,1.039320428124572,1.0620578781606305,1.0549485945914046,0.9594747049031185,0.9702277748785149,0.973432253888299,0.9629067728330891,0.9645113760211276,0.9658819745775771,0.9819280064579617,0.9584161125221209,0.9744452609514546,0.9658931176552717,0.9717432334449952,0.9960797151302452,0.9812594217962791,0.973072073599177,0.9619038958405651,0.9724563904174571,0.9862738067588992,0.9762236511289943,0.9918453456062548,0.9808136986884907,0.9483997237943386,0.8056445173276443,0.9360185263557702
18.05,0.4777010327359908,1.0441734193883827,1.0272853444439198,1.0502619423292086,1.0371482006105066,0.9377978321525782,0.9386243284793871,0.9644126835653551,0.9457101569878761,0.9516609305409006,0.9511319728917429,0.9539971601580339,0.9672211013869775,0.9690878143028604,0.9504377159772234,0.9566639883058508,0.9695352911020426,0.9665599043255303,0.9650137718030344,0.947638648417097,0.975375865144826,0.9750452666141024,0.9631437195080323,0.9905833975581111,0.9879386093123224,0.9134314959992126,0.828700317013787,0.908533739988493
18.15,0.45176023200401,1.033118708189226,1.0137841413944428,1.0318544411383834,1.025037208032331,0.91190710468969,0.9171930488246788,0.9377197740915452,0.934620316189309,0.9339990815177742,0.9347293047281747,0.9510339901424927,0.9459115288158026,0.9559946200023668,0.9323424557270149,0.9383259265107443,0.9563744285469141,0.9601890274072152,0.9515910426744579,0.92818999239623,0.9592081305574235,0.9672732824334886,0.9411986001805932,0.9567013941635114,0.9555025202359881,0.896127986229467,0.8326724369343016,0.8864401161080673
18.25,0.4269969531153232,1.0136083531311597,0.9970183303140623,1.021547633056301,1.0082292619123607,0.8929938207721597,0.8982219956040586,0.9339611955249111,0.9208810131229257,0.9186819457709517,0.9216571545412694,0.9361127884579231,0.9327710684622764,0.9344402951658639,0.9163319620320777,0.9262385448578817,0.9274889949207704,0.933956840073635,0.9278200092181508,0.9189298798351448,0.9443053923182182,0.9335256503967774,0.9340483045505389,0.9378375471653537,0.9305073226587739,0.871961346534344,0.8192603860295004,0.86477485192005
18.35,0.40293270099508816,1.00430232289929,0.9800876219474398,1.004408948619025,0.9946953455511539,0.8751305947261736,0.8772631091208765,0.9109713764280474,0.912236345193984,0.9065425317601276,0.8982790384806543,0.9216727213905628,0.9379864565100394,0.9215693267532371,0.9047085693806831,0.908834984734433,0.9131426638117515,0.9260443758997037,0.9025705621458847,0.9026826807057154,0.945130379732294,0.9296696503706985,0.9271698696080122,0.9199667098748006,0.9154884296459246,0.9454147149849175,0.7783677540665206,0.8767003622667154
18.450000000000003,0.38342358049486636,0.9898801187135924,0.9716016442541467,0.9880607091092909,0.9815213818358597,0.8473702470120362,0.8557553521449036,0.9025933636446776,0.8951495253162984,0.889053184729132,0.8853299871040977,0.9178262247322304,0.9024271637335053,0.9059599772295657,0.8914157803892103,0.8949913157854896,0.9036928399799758,0.8991575000967897,0.8832459893720296,0.8818915666345194,0.9171933866089951,0.910232167253407,0.8987153657177812,0.9060132464318386,0.9024271637335053,0.9445694950511777,0.7984307654818276,0.8414403194128357
18.55,0.36297882461348546,0.9764713683815057,0.954941033678795,0.975934022979427,0.9731899095668692,0.8354938460477446,0.833876592895857,0.8912861814847182,0.8821229062786409,0.8738175288018502,0.8592831182174663,0.8972103131020364,0.9031576311444618,0.8936891382695366,0.8759773443014678,0.8799526568877206,0.9057661039700869,0.9082702378826871,0.8622188358157317,0.8713029609979474,0.9054530872310119,0.9126524722297374,0.879018454741172,0.8894892335381858,0.8976276687541364,0.7813825264317238,0.7929757389900519,0.8671722993633968
18.65,0.34136727744424045,0.9622757683870026,0.9410634419864866,0.9607996794939253,0.9505651190919245,0.8080812517101741,0.8171648756675728,0.8650504422056281,0.8648539014439034,0.8556567321870374,0.8545212791923625,0.876156819890906,0.8959756357979576,0.8726409819680091,0.8571637879799694,0.8648435791439518,0.8958724127984418,0.8904015938240993,0.8511622568162168,0.850062045613276,0.8825566458608914,0.8894725868284563,0.868240971281574,0.8879242418357179,0.8762600428904219,0.9542392844136066,0.6967552467322985,0.8143147739587268
18.75,0.32150353221711325,0.945758208274974,0.9218711958229703,0.9469224320541654,0.938078416328028,0.7917232322965331,0.7915189825107101,0.8553939767685516,0.8436435278527485,0.8413355052729482,0.8373934844065637,0.8609128472440857,0.8678573399620688,0.853929155072245,0.8388334453966161,0.8479327733550323,0.8712274614281488,0.8632617197810505,0.8356085682226642,0.8380062337640328,0.875006082465875,0.8658148421038384,0.8524230707929439,0.8653042176392809,0.8719423356785294,0.792035280580439,0.7373417268211634,0.8169991432921434
18.85,0.3045848423164365,0.930753642294886,0.9083824527945318,0.9354623027768937,0.9234986675608055,0.7694517075212214,0.7636416650809758,0.8385649308574027,0.8351102393068088,0.8227323228036769,0.8225807564791489,0.8436181623236608,0.8455380024343507,0.833665817337301,0.8280775618487028,0.8271984771664397,0.8532173628771101,0.8549351145550957,0.8246432832711138,0.8264204367005284,0.8514996111991244,0.8599873253727006,0.8299710692242244,0.859280015858236,0.8682729511135726,0.776917752396141,0.6810380182131545,0.7162912225848814
18.950000000000003,0.2866227846512034,0.9167221479445742,0.8979107975098733,0.9184168191636449,0.9107783011024643,0.7467551230230289,0.7418560734811721,0.8180433126973256,0.8155617739353779,0.8084631511298305,0.8051237989931362,0.8293391010143292,0.8347380535706612,0.8200227266536312,0.815821723502905,0.812682332572001,0.842636521199369,0.8255398381043179,0.8029755289074881,0.8079832442359343,0.8643323120275921,0.8458359004920103,0.8230928380960646,0.8378374522604073,0.8421366181848939,0.7487436261250232,0.7088624745257786,0.7487436261250232
19.05,0.26953217514824135,0.9025918880792468,0.8789220015018442,0.9037147855198049,0.8993963297241785,0.7215729059656881,0.7278057287634996,0.8061197431589722,0.8034405387464446,0.7907869191299355,0.7909847865203422,0.8070021517737873,0.8242166147391715,0.8013229579369913,0.7944771459610206,0.7968713413849419,0.8239198136535614,0.8260963549480352,0.7915095348370221,0.7860084216516134,0.8351982549067442,0.8397492048860986,0.8041210826498135,0.8225347419207144,0.8195667310646138,0.8354400928283493,0.7063865837519736,0.7233152382645445
19.150000000000002,0.2553402583613927,0.8908990411058537,0.8708827430603922,0.8889360830436797,0.8792240910353167,0.6886017720849019,0.7153782823095725,0.7931737037947698,0.7884140286627662,0.7754810231758233,0.7697243182353825,0.8124002992479584,0.8014351469804517,0.7894355837035744,0.7814726956648537,0.7865636592176245,0.8090715923096081,0.8217010980462901,0.7795068202867483,0.776509006200902,0.8347222163639544,0.8107359457787833,0.7876555265172908,0.8290438339397098,0.8239528703869388,0.8006301655639839,0.6853220167191518,0.7462395293164307
19.25,0.23953884022634703,0.8770357339865298,0.8573625009125169,0.8750349841072963,0.8675794052594987,0.682434952754572,0.6871340505338858,0.7792976319300119,0.7712527452142702,0.7632013013903329,0.7609437966839823,0.7861542140484983,0.7759809095778188,0.7779470633711338,0.7693827949639455,0.7666020917419599,0.7836351100843301,0.7937115259410029,0.7640107617201023,0.7616995278732327,0.798071513571294,0.8035941645696628,0.7640694820922275,0.8108608106201481,0.8044661620957211,0.7471188680054494,0.6491537138433314,0.6889856996015671
19.35,0.2230906847934381,0.8611524737994253,0.8372711262800645,0.8593401571235934,0.8512854163421186,0.6788995801528696,0.6781324619832053,0.7546040702298226,0.7528114158000286,0.7466457035113522,0.7497333541442508,0.7846659977953293,0.7733510047927815,0.7575291925434413,0.7524758016008005,0.7502703368630158,0.7848577773377454,0.7850495568801614,0.74294232431725,0.7514497810488746,0.7841865489392892,0.7898440454405631,0.7538485750627291,0.7914741715510996,0.8009672589006949,0.7628564020550238,0.626160205988456,0.6840137012839739
19.450000000000003,0.2107253591146425,0.8460279311977043,0.8241472848760285,0.848139596262364,0.8377948101029076,0.6544738106019362,0.6425630705743053,0.7487627354003219,0.7365582651827967,0.7275611484129209,0.7310442094409213,0.7638058624890346,0.7525120133791694,0.7408634639746969,0.7452706630675497,0.738845506893282,0.763426237308871,0.7655141757997704,0.7308551637703856,0.7328853915647144,0.7659887072749749,0.7822176837269661,0.7394830087741022,0.766747957635302,0.7395098509585682,0.7972128783434326,0.6880706390464179,0.7233968710894111
19.55,0.1973922638982007,0.8307113888291863,0.808852046036922,0.829973976534733,0.8259440418300139,0.628585269851453,0.6399047834159902,0.7313300544642543,0.7255761225932508,0.7058585632804176,0.7152053815349526,0.7360032263746745,0.7560119930904123,0.7194122800084443,0.7280091134755869,0.7255667288060602,0.772451120673765,0.7673784755909019,0.7237201379725666,0.7171968644193359,0.7549786764994588,0.7700087360042384,0.720702739662895,0.7521605403423126,0.7602391973261317,0.6346025124240393,0.6350200140769251,0.6450400537468032
19.650000000000002,0.18560860422256129,0.8166755456558025,0.7901471544916037,0.8141417263104663,0.8076421309989433,0.6225756853834247,0.6229476221680612,0.7133860237444664,0.7097390708629987,0.7027745545706802,0.7046621337527105,0.7332733709108636,0.7347611180494096,0.71068102894711,0.7074423612178683,0.7036486060145759,0.7393173436612067,0.7487087474732784,0.7007063606318583,0.7039089617638215,0.7451753480192317,0.7453613164115499,0.7021903508331858,0.7215573621948138,0.7522421469273252,0.7170114681603643,0.6285731660357035,0.7087462062795532
19.75,0.1737198481801122,0.8029266812644598,0.7820784955864516,0.8042935490671901,0.7926268491347948,0.590468481785541,0.600961608351956,0.7013826704919298,0.6940650953864016,0.6864805898682211,0.6875851295067912,0.7118757970583592,0.7207121141669192,0.6937401487503093,0.6971670108713856,0.6925279443893917,0.7301007010947641,0.7321256904321424,0.6889612482938703,0.6885239881995756,0.7260507224200075,0.7372802087454691,0.685000525347483,0.7167541804620433,0.7377404335948732,0.7547687530228117,0.6341898424789268,0.6259057951896486
19.85,0.16329693907458315,0.789681524174621,0.7674300439517554,0.7925928050637305,0.7803417341547859,0.5815272186008662,0.5766978637613417,0.6798465139444266,0.681585983681642,0.6656491127112112,0.6763283652997446,0.7163846744970245,0.6967938954310285,0.6823500102591792,0.6798455935413605,0.679216866213196,0.7121931589759277,0.7185715521602054,0.6763121662059524,0.6756723020007903,0.7326040171656165,0.7080016434548309,0.673771853768924,0.7154734754706991,0.7080927633574634,0.7127601272589802,0.5694993914533757,0.7309841077854883
19.950000000000003,0.15229859655532138,0.774148607663594,0.7600986008883319,0.7788620128257605,0.7703778835338607,0.5650673671925567,0.5627219407003781,0.6618585807532418,0.6606795802333318,0.6580364649940691,0.6621680239687529,0.7029062779636656,0.6895553887004954,0.664665073991746,0.6685638215955013,0.6631512989212431,0.7001098079152989,0.7086796354828744,0.6641730264759044,0.662276274422238,0.7056125393007947,0.7005608514714871,0.6618221327891053,0.7000195992040612,0.7094915138840131,0.6775676532960396,0.6125171493035675,0.6555166349935058
